seller,password2351123029,AkashGKrishnan1899223170,AkashGKrishnan4015600264,AkashGKrishnan4502825968,AkashGKrishnan4856163688,AkashGKrishnan2521238141,AkashGKrishnan2530543891,AkashGKrishnan1657101469,AkashGKrishnan4735952129,AkashGKrishnan2966414708,AkashGKrishnan3238171345,AkashGKrishnan
1888364902,AkashGKrishnan
4508413800,AkashGKrishnan
4361699899,AkashGKrishnan
3825825371,AkashGKrishnan
5075627038,AkashGKrishnan
4598415426,AkashGKrishnan
4619506938,AkashGKrishnan
3708559694,AkashGKrishnan
1540764953,AkashGKrishnan
1610186417,AkashGKrishnan
2646256069,AkashGKrishnan
2456358812,AkashGKrishnan
2948491512,AkashGKrishnan
2119300375,AkashGKrishnan
4186867699,AkashGKrishnan
1116423180,AkashGKrishnan
5183882887,AkashGKrishnan
4588781719,AkashGKrishnan
3482955919,AkashGKrishnan
4771285806,AkashGKrishnan
1144676001,AkashGKrishnan
4244670475,AkashGKrishnan
4747760482,AkashGKrishnan
5491728070,AkashGKrishnan
5006198854,AkashGKrishnan
3051596735,AkashGKrishnan
1652300223,AkashGKrishnan
3142106524,AkashGKrishnan
2264202803,AkashGKrishnan
5288934174,AkashGKrishnan
4836677908,AkashGKrishnan
4082588352,AkashGKrishnan
2470864797,AkashGKrishnan
2990392891,AkashGKrishnan
3742433575,AkashGKrishnan
5001985779,AkashGKrishnan
3864452403,AkashGKrishnan
4829087970,AkashGKrishnan
1220351768,AkashGKrishnan
5379053298,AkashGKrishnan
4684041182,AkashGKrishnan
4848075518,AkashGKrishnan
2906767215,AkashGKrishnan
3872525097,AkashGKrishnan
5258476919,AkashGKrishnan
5376558175,AkashGKrishnan
4753471307,AkashGKrishnan
4768634483,AkashGKrishnan
4289715580,AkashGKrishnan
3740858649,AkashGKrishnan
4702630616,AkashGKrishnan
1528309430,AkashGKrishnan
4950363263,AkashGKrishnan
2258213128,AkashGKrishnan
3055003031,AkashGKrishnan
4434997462,AkashGKrishnan
2486690180,AkashGKrishnan
1168506189,AkashGKrishnan
1987095966,AkashGKrishnan
4310984784,AkashGKrishnan
5334820526,AkashGKrishnan
4320406920,AkashGKrishnan
5543890426,AkashGKrishnan
4255236185,AkashGKrishnan
3304988149,AkashGKrishnan
1783309069,AkashGKrishnan
5383625923,AkashGKrishnan
1773689284,AkashGKrishnan
2671597356,AkashGKrishnan
1223292612,AkashGKrishnan
1590142938,AkashGKrishnan
2341411155,AkashGKrishnan
5112651570,AkashGKrishnan
4271642151,AkashGKrishnan
2601848973,AkashGKrishnan
2693463316,AkashGKrishnan
5361552727,AkashGKrishnan
4266004728,AkashGKrishnan
5468840180,AkashGKrishnan
3610866482,AkashGKrishnan
4304227124,AkashGKrishnan
3017488933,AkashGKrishnan
1735553605,AkashGKrishnan
2547042118,AkashGKrishnan
3223119216,AkashGKrishnan
3953128051,AkashGKrishnan
1224170437,AkashGKrishnan
3143909012,AkashGKrishnan
3471368436,AkashGKrishnan
2037935851,AkashGKrishnan
3068866696,AkashGKrishnan
4624744140,AkashGKrishnan
5371176421,AkashGKrishnan
2539056642,AkashGKrishnan
3225194156,AkashGKrishnan
4618581963,AkashGKrishnan
5133330425,AkashGKrishnan
5191835791,AkashGKrishnan
4218775373,AkashGKrishnan
1516896119,AkashGKrishnan
1632574619,AkashGKrishnan
4292539975,AkashGKrishnan
4880313536,AkashGKrishnan
3494620546,AkashGKrishnan
4179349559,AkashGKrishnan
1138188535,AkashGKrishnan
4996017992,AkashGKrishnan
1354474074,AkashGKrishnan
1467283361,AkashGKrishnan
1398176069,AkashGKrishnan
1167354758,AkashGKrishnan
1242903744,AkashGKrishnan
3074942566,AkashGKrishnan
1196483236,AkashGKrishnan
4780175568,AkashGKrishnan
2797994952,AkashGKrishnan
3926424014,AkashGKrishnan
1430167467,AkashGKrishnan
3454750341,AkashGKrishnan
1178995103,AkashGKrishnan
1557846289,AkashGKrishnan
1114562836,AkashGKrishnan
2070805254,AkashGKrishnan
2420949466,AkashGKrishnan
1184701215,AkashGKrishnan
4251635982,AkashGKrishnan
5412704627,AkashGKrishnan
1610411762,AkashGKrishnan
1646572488,AkashGKrishnan
4653786789,AkashGKrishnan
2872525297,AkashGKrishnan
4447997117,AkashGKrishnan
3526274285,AkashGKrishnan
2552352797,AkashGKrishnan
5040183355,AkashGKrishnan
2193083608,AkashGKrishnan
4798611017,AkashGKrishnan
5445143170,AkashGKrishnan
4900376971,AkashGKrishnan
2262380398,AkashGKrishnan
4884109965,AkashGKrishnan
4682461189,AkashGKrishnan
4676401302,AkashGKrishnan
2746734123,AkashGKrishnan
2639139616,AkashGKrishnan
2055248948,AkashGKrishnan
3280155669,AkashGKrishnan
2048888889,AkashGKrishnan
5457915373,AkashGKrishnan
2963329182,AkashGKrishnan
5418400947,AkashGKrishnan
4381419333,AkashGKrishnan
4566038896,AkashGKrishnan
4127597661,AkashGKrishnan
3900029570,AkashGKrishnan
2096295865,AkashGKrishnan
3381175051,AkashGKrishnan
1484426931,AkashGKrishnan
3559017215,AkashGKrishnan
4010821966,AkashGKrishnan
3032320099,AkashGKrishnan
2722790761,AkashGKrishnan
5082251324,AkashGKrishnan
4581183879,AkashGKrishnan
2097370364,AkashGKrishnan
5456629159,AkashGKrishnan
3958529520,AkashGKrishnan
3752050959,AkashGKrishnan
2722621228,AkashGKrishnan
4950689227,AkashGKrishnan
4329043670,AkashGKrishnan
2552931081,AkashGKrishnan
4210112660,AkashGKrishnan
1531195308,AkashGKrishnan
5099675848,AkashGKrishnan
5176561555,AkashGKrishnan
1520294830,AkashGKrishnan
3901186765,AkashGKrishnan
5054284287,AkashGKrishnan
1707774841,AkashGKrishnan
2027187916,AkashGKrishnan
3234160761,AkashGKrishnan
5423349374,AkashGKrishnan
1491861943,AkashGKrishnan
5529060534,AkashGKrishnan
3545269557,AkashGKrishnan
2662581318,AkashGKrishnan
3200101285,AkashGKrishnan
1592598919,AkashGKrishnan
2798431898,AkashGKrishnan
3209085051,AkashGKrishnan
3147102507,AkashGKrishnan
2160870188,AkashGKrishnan
4055507597,AkashGKrishnan
3815882104,AkashGKrishnan
3835143561,AkashGKrishnan
2304270911,AkashGKrishnan
3064703940,AkashGKrishnan
4613208963,AkashGKrishnan
2745768283,AkashGKrishnan
4737609987,AkashGKrishnan
2936345790,AkashGKrishnan
3973350073,AkashGKrishnan
4080409455,AkashGKrishnan
2849859968,AkashGKrishnan
4535043981,AkashGKrishnan
5424301321,AkashGKrishnan
2128126989,AkashGKrishnan
5210062813,AkashGKrishnan
5508272726,AkashGKrishnan
3820013349,AkashGKrishnan
2279001420,AkashGKrishnan
5112884156,AkashGKrishnan
1819354952,AkashGKrishnan
4085672583,AkashGKrishnan
1829562356,AkashGKrishnan
2254743724,AkashGKrishnan
2645030572,AkashGKrishnan
2492985382,AkashGKrishnan
3272015845,AkashGKrishnan
2946922139,AkashGKrishnan
4371032242,AkashGKrishnan
5105449395,AkashGKrishnan
1937552240,AkashGKrishnan
5111718184,AkashGKrishnan
4295263123,AkashGKrishnan
1717121651,AkashGKrishnan
3292936894,AkashGKrishnan
3668892614,AkashGKrishnan
5098404215,AkashGKrishnan
3798340073,AkashGKrishnan
1389830444,AkashGKrishnan
5445619435,AkashGKrishnan
3209488602,AkashGKrishnan
1856641719,AkashGKrishnan
4639064284,AkashGKrishnan
2139736248,AkashGKrishnan
4085550023,AkashGKrishnan
3728213527,AkashGKrishnan
1969849067,AkashGKrishnan
4055943320,AkashGKrishnan
1506329329,AkashGKrishnan
2478386047,AkashGKrishnan
5192571861,AkashGKrishnan
1846532965,AkashGKrishnan
2609674714,AkashGKrishnan
2752292464,AkashGKrishnan
2321888103,AkashGKrishnan
4069550240,AkashGKrishnan
1149576466,AkashGKrishnan
2675925299,AkashGKrishnan
2820657275,AkashGKrishnan
2424520105,AkashGKrishnan
4676147082,AkashGKrishnan
3081996122,AkashGKrishnan
3192982598,AkashGKrishnan
1876381007,AkashGKrishnan
4756160078,AkashGKrishnan
4896858603,AkashGKrishnan
3404244405,AkashGKrishnan
2713272686,AkashGKrishnan
2519574043,AkashGKrishnan
5004742266,AkashGKrishnan
2542338845,AkashGKrishnan
5110815677,AkashGKrishnan
1713800521,AkashGKrishnan
1492980020,AkashGKrishnan
3620404932,AkashGKrishnan
2846349414,AkashGKrishnan
5197452458,AkashGKrishnan
3724704693,AkashGKrishnan
4098941517,AkashGKrishnan
1186024673,AkashGKrishnan
5363287181,AkashGKrishnan
3436465742,AkashGKrishnan
4984515639,AkashGKrishnan
5181343551,AkashGKrishnan
2224780008,AkashGKrishnan
4690572281,AkashGKrishnan
3765026605,AkashGKrishnan
3021178117,AkashGKrishnan
2927957817,AkashGKrishnan
1482146131,AkashGKrishnan
2935473730,AkashGKrishnan
2428856084,AkashGKrishnan
4048927861,AkashGKrishnan
3966554405,AkashGKrishnan
5245353443,AkashGKrishnan
2352074774,AkashGKrishnan
2828162955,AkashGKrishnan
3561012009,AkashGKrishnan
2683041678,AkashGKrishnan
5502914158,AkashGKrishnan
3212323030,AkashGKrishnan
1662800488,AkashGKrishnan
4168060544,AkashGKrishnan
5369665394,AkashGKrishnan
3038391982,AkashGKrishnan
2770829258,AkashGKrishnan
2296879725,AkashGKrishnan
1779051371,AkashGKrishnan
4178471779,AkashGKrishnan
3380608893,AkashGKrishnan
4242439629,AkashGKrishnan
4122497296,AkashGKrishnan
1167203683,AkashGKrishnan
2772136907,AkashGKrishnan
1806199029,AkashGKrishnan
5445166653,AkashGKrishnan
4713726660,AkashGKrishnan
4014078776,AkashGKrishnan
2232098342,AkashGKrishnan
3748386754,AkashGKrishnan
5291096049,AkashGKrishnan
4093668554,AkashGKrishnan
2317102497,AkashGKrishnan
4673806831,AkashGKrishnan
5352857006,AkashGKrishnan
3642802929,AkashGKrishnan
5443128597,AkashGKrishnan
4953085789,AkashGKrishnan
1202710319,AkashGKrishnan
3010914958,AkashGKrishnan
4138648239,AkashGKrishnan
5483266186,AkashGKrishnan
3762790620,AkashGKrishnan
3330653719,AkashGKrishnan
4664617341,AkashGKrishnan
5511748596,AkashGKrishnan
2782916693,AkashGKrishnan
3855544389,AkashGKrishnan
2421416505,AkashGKrishnan
2196883482,AkashGKrishnan
3462146204,AkashGKrishnan
1603141314,AkashGKrishnan
1409805597,AkashGKrishnan
1325170044,AkashGKrishnan
4015964807,AkashGKrishnan
5394757771,AkashGKrishnan
4525542653,AkashGKrishnan
5510988332,AkashGKrishnan
5478713220,AkashGKrishnan
2435802319,AkashGKrishnan
5204548198,AkashGKrishnan
1841111286,AkashGKrishnan
4522779483,AkashGKrishnan
4739667663,AkashGKrishnan
2277758317,AkashGKrishnan
5213609777,AkashGKrishnan
4465413328,AkashGKrishnan
1733603381,AkashGKrishnan
4740358013,AkashGKrishnan
4540568416,AkashGKrishnan
1709145324,AkashGKrishnan
3212954641,AkashGKrishnan
1784472377,AkashGKrishnan
4946716259,AkashGKrishnan
3279238165,AkashGKrishnan
4256018037,AkashGKrishnan
4836958648,AkashGKrishnan
4117412457,AkashGKrishnan
3061216416,AkashGKrishnan
2710119734,AkashGKrishnan
1872465473,AkashGKrishnan
5011671645,AkashGKrishnan
4759572301,AkashGKrishnan
1249331306,AkashGKrishnan
2208861155,AkashGKrishnan
3577407306,AkashGKrishnan
1999562768,AkashGKrishnan
2917571328,AkashGKrishnan
2066463457,AkashGKrishnan
1415649182,AkashGKrishnan
5275117835,AkashGKrishnan
2439205848,AkashGKrishnan
1354037876,AkashGKrishnan
3033142775,AkashGKrishnan
3929124540,AkashGKrishnan
2444351391,AkashGKrishnan
1209106458,AkashGKrishnan
2080691152,AkashGKrishnan
2891364985,AkashGKrishnan
2040289539,AkashGKrishnan
2607536446,AkashGKrishnan
1429267420,AkashGKrishnan
4127477105,AkashGKrishnan
3449835246,AkashGKrishnan
3609955816,AkashGKrishnan
3798494978,AkashGKrishnan
2746843296,AkashGKrishnan
5439767295,AkashGKrishnan
3549994110,AkashGKrishnan
3678587470,AkashGKrishnan
2472440104,AkashGKrishnan
3883702889,AkashGKrishnan
2050491274,AkashGKrishnan
2257439836,AkashGKrishnan
4230464694,AkashGKrishnan
1725153341,AkashGKrishnan
4517537641,AkashGKrishnan
1943940152,AkashGKrishnan
4848534572,AkashGKrishnan
3774249080,AkashGKrishnan
4921527279,AkashGKrishnan
1984883063,AkashGKrishnan
3604267753,AkashGKrishnan
5439106755,AkashGKrishnan
2124896037,AkashGKrishnan
2510402163,AkashGKrishnan
2040018592,AkashGKrishnan
3384491860,AkashGKrishnan
4631983674,AkashGKrishnan
2958271448,AkashGKrishnan
3454879353,AkashGKrishnan
3463937179,AkashGKrishnan
2046306107,AkashGKrishnan
2864158370,AkashGKrishnan
2132691407,AkashGKrishnan
2508713308,AkashGKrishnan
5203656325,AkashGKrishnan
1354451344,AkashGKrishnan
3172785631,AkashGKrishnan
2645705818,AkashGKrishnan
4769899759,AkashGKrishnan
3015955370,AkashGKrishnan
5142436703,AkashGKrishnan
2982644765,AkashGKrishnan
2540356473,AkashGKrishnan
1834304252,AkashGKrishnan
1398925058,AkashGKrishnan
3672246229,AkashGKrishnan
5017947799,AkashGKrishnan
5408583443,AkashGKrishnan
4540820667,AkashGKrishnan
3750530101,AkashGKrishnan
3482567428,AkashGKrishnan
2808977504,AkashGKrishnan
5462168506,AkashGKrishnan
4848252167,AkashGKrishnan
4752111512,AkashGKrishnan
3083931660,AkashGKrishnan
2730161788,AkashGKrishnan
4764778650,AkashGKrishnan
4680363321,AkashGKrishnan
2806691241,AkashGKrishnan
2252281727,AkashGKrishnan
1767481119,AkashGKrishnan
4585213029,AkashGKrishnan
2962222529,AkashGKrishnan
5547943877,AkashGKrishnan
4251493642,AkashGKrishnan
2484191168,AkashGKrishnan
1499728653,AkashGKrishnan
4254552434,AkashGKrishnan
4244950630,AkashGKrishnan
4927575320,AkashGKrishnan
3256594132,AkashGKrishnan
4874576197,AkashGKrishnan
1611924459,AkashGKrishnan
2756918916,AkashGKrishnan
1966824841,AkashGKrishnan
5071810505,AkashGKrishnan
3026193061,AkashGKrishnan
2715072587,AkashGKrishnan
5112201680,AkashGKrishnan
5157189873,AkashGKrishnan
3722169878,AkashGKrishnan
2226971445,AkashGKrishnan
4410170685,AkashGKrishnan
1523683105,AkashGKrishnan
1818923011,AkashGKrishnan
3664685602,AkashGKrishnan
2505156285,AkashGKrishnan
4425296751,AkashGKrishnan
2430040733,AkashGKrishnan
3781099009,AkashGKrishnan
5268984343,AkashGKrishnan
1747383066,AkashGKrishnan
2420221838,AkashGKrishnan
5300195967,AkashGKrishnan
4987177658,AkashGKrishnan
2204898504,AkashGKrishnan
2460227424,AkashGKrishnan
5034853767,AkashGKrishnan
3156671361,AkashGKrishnan
1478091146,AkashGKrishnan
4059542756,AkashGKrishnan
4942722161,AkashGKrishnan
5551970755,AkashGKrishnan
5550566457,AkashGKrishnan
2909564706,AkashGKrishnan
5314071647,AkashGKrishnan
5021708499,AkashGKrishnan
3871391576,AkashGKrishnan
4532268247,AkashGKrishnan
5340045209,AkashGKrishnan
1198879413,AkashGKrishnan
3396244138,AkashGKrishnan
4933107861,AkashGKrishnan
4289166647,AkashGKrishnan
3306704393,AkashGKrishnan
4112697932,AkashGKrishnan
4580182933,AkashGKrishnan
4690200643,AkashGKrishnan
1391264409,AkashGKrishnan
1880272893,AkashGKrishnan
3259513713,AkashGKrishnan
1199995308,AkashGKrishnan
2226771324,AkashGKrishnan
4220388162,AkashGKrishnan
1647431765,AkashGKrishnan
3612270458,AkashGKrishnan
5160322614,AkashGKrishnan
1439655247,AkashGKrishnan
3286394612,AkashGKrishnan
2748003474,AkashGKrishnan
3904705056,AkashGKrishnan
3167955715,AkashGKrishnan
5538491184,AkashGKrishnan
2682645713,AkashGKrishnan
2958841278,AkashGKrishnan
2036935182,AkashGKrishnan
2770579628,AkashGKrishnan
5537564838,AkashGKrishnan
3056605389,AkashGKrishnan
5025355590,AkashGKrishnan
1461050316,AkashGKrishnan
3368488460,AkashGKrishnan
4498668206,AkashGKrishnan
1305892820,AkashGKrishnan
4530460277,AkashGKrishnan
2675636397,AkashGKrishnan
3089778238,AkashGKrishnan
2815492016,AkashGKrishnan
3344027380,AkashGKrishnan
5028708721,AkashGKrishnan
3132766379,AkashGKrishnan
3302143659,AkashGKrishnan
1478091526,AkashGKrishnan
4072487558,AkashGKrishnan
2246837534,AkashGKrishnan
2381529100,AkashGKrishnan
1958179415,AkashGKrishnan
2402849228,AkashGKrishnan
5050818130,AkashGKrishnan
1565497610,AkashGKrishnan
3643243804,AkashGKrishnan
5198966110,AkashGKrishnan
4611708691,AkashGKrishnan
2090174145,AkashGKrishnan
1299868061,AkashGKrishnan
3282300006,AkashGKrishnan
1723288829,AkashGKrishnan
3467973215,AkashGKrishnan
5237399039,AkashGKrishnan
1826167446,AkashGKrishnan
4813804832,AkashGKrishnan
4470087612,AkashGKrishnan
4911880883,AkashGKrishnan
4822311178,AkashGKrishnan
2747786055,AkashGKrishnan
1220624191,AkashGKrishnan
4234109562,AkashGKrishnan
3669584322,AkashGKrishnan
4837339478,AkashGKrishnan
4267333120,AkashGKrishnan
4877691154,AkashGKrishnan
3280838886,AkashGKrishnan
2390790115,AkashGKrishnan
4129179875,AkashGKrishnan
4543017984,AkashGKrishnan
4823459552,AkashGKrishnan
2676568011,AkashGKrishnan
1566430011,AkashGKrishnan
5377801396,AkashGKrishnan
4712550531,AkashGKrishnan
1247180101,AkashGKrishnan
3794441616,AkashGKrishnan
2555318152,AkashGKrishnan
2990265855,AkashGKrishnan
1157096535,AkashGKrishnan
2749076870,AkashGKrishnan
1811848227,AkashGKrishnan
5094397115,AkashGKrishnan
3093004582,AkashGKrishnan
2761842615,AkashGKrishnan
4265085867,AkashGKrishnan
2273802195,AkashGKrishnan
4017906965,AkashGKrishnan
2033994903,AkashGKrishnan
5531420990,AkashGKrishnan
2375667756,AkashGKrishnan
2005396754,AkashGKrishnan
2829388941,AkashGKrishnan
4821634663,AkashGKrishnan
4703988976,AkashGKrishnan
1447338001,AkashGKrishnan
2529727528,AkashGKrishnan
3913124370,AkashGKrishnan
3125645581,AkashGKrishnan
5322386705,AkashGKrishnan
1318590266,AkashGKrishnan
2521170956,AkashGKrishnan
2812763082,AkashGKrishnan
5544284159,AkashGKrishnan
3505700079,AkashGKrishnan
4234823003,AkashGKrishnan
4686356427,AkashGKrishnan
4730325913,AkashGKrishnan
1600911647,AkashGKrishnan
1162472537,AkashGKrishnan
4515504787,AkashGKrishnan
4257401547,AkashGKrishnan
2894144928,AkashGKrishnan
2935605910,AkashGKrishnan
3822734524,AkashGKrishnan
4479316042,AkashGKrishnan
3436878428,AkashGKrishnan
1352219778,AkashGKrishnan
1249230213,AkashGKrishnan
2080943474,AkashGKrishnan
3918956709,AkashGKrishnan
2701587658,AkashGKrishnan
2352118811,AkashGKrishnan
2772995036,AkashGKrishnan
4317980747,AkashGKrishnan
4369295373,AkashGKrishnan
4883389710,AkashGKrishnan
1174011440,AkashGKrishnan
2919980256,AkashGKrishnan
3391608942,AkashGKrishnan
4289232077,AkashGKrishnan
1565902632,AkashGKrishnan
2977535889,AkashGKrishnan
4837018231,AkashGKrishnan
4178601297,AkashGKrishnan
5015517278,AkashGKrishnan
2726732008,AkashGKrishnan
5025226946,AkashGKrishnan
4386935736,AkashGKrishnan
3153761651,AkashGKrishnan
1425837820,AkashGKrishnan
2544478167,AkashGKrishnan
4736759071,AkashGKrishnan
5240940747,AkashGKrishnan
2880756874,AkashGKrishnan
3700700621,AkashGKrishnan
3195919225,AkashGKrishnan
5170890316,AkashGKrishnan
4376605907,AkashGKrishnan
4580621801,AkashGKrishnan
3057700017,AkashGKrishnan
4375845173,AkashGKrishnan
4312297470,AkashGKrishnan
3087957045,AkashGKrishnan
4455754456,AkashGKrishnan
5457158503,AkashGKrishnan
4152151973,AkashGKrishnan
4833730488,AkashGKrishnan
1415746057,AkashGKrishnan
4137115479,AkashGKrishnan
4322797592,AkashGKrishnan
1490646490,AkashGKrishnan
4917552573,AkashGKrishnan
4046365324,AkashGKrishnan
2494615971,AkashGKrishnan
4993917820,AkashGKrishnan
2807616879,AkashGKrishnan
1900510303,AkashGKrishnan
3049410990,AkashGKrishnan
3592071499,AkashGKrishnan
3131116082,AkashGKrishnan
3542814156,AkashGKrishnan
5509062875,AkashGKrishnan
2779098668,AkashGKrishnan
2930835702,AkashGKrishnan
2375761366,AkashGKrishnan
1969336556,AkashGKrishnan
5053197709,AkashGKrishnan
3838040826,AkashGKrishnan
3677431584,AkashGKrishnan
2229876454,AkashGKrishnan
1275037395,AkashGKrishnan
3011549077,AkashGKrishnan
1268068363,AkashGKrishnan
4879816353,AkashGKrishnan
1709258723,AkashGKrishnan
5324916594,AkashGKrishnan
1758005301,AkashGKrishnan
3023558290,AkashGKrishnan
4779318333,AkashGKrishnan
2569982127,AkashGKrishnan
2511307386,AkashGKrishnan
3202342502,AkashGKrishnan
3578732506,AkashGKrishnan
5481945899,AkashGKrishnan
4810357888,AkashGKrishnan
3789822699,AkashGKrishnan
1808056273,AkashGKrishnan
2116356922,AkashGKrishnan
4453360161,AkashGKrishnan
4892337855,AkashGKrishnan
1215160809,AkashGKrishnan
3814121191,AkashGKrishnan
3659424756,AkashGKrishnan
2699962612,AkashGKrishnan
3316307968,AkashGKrishnan
1992157908,AkashGKrishnan
2185793069,AkashGKrishnan
2754336728,AkashGKrishnan
2871609858,AkashGKrishnan
3410830949,AkashGKrishnan
1661692568,AkashGKrishnan
4592030641,AkashGKrishnan
3579722596,AkashGKrishnan
3914272787,AkashGKrishnan
2522260433,AkashGKrishnan
2473297222,AkashGKrishnan
1999371936,AkashGKrishnan
2498533812,AkashGKrishnan
1341238700,AkashGKrishnan
3231207821,AkashGKrishnan
5332137673,AkashGKrishnan
3251280893,AkashGKrishnan
2672718777,AkashGKrishnan
4580477859,AkashGKrishnan
5243516062,AkashGKrishnan
5368476444,AkashGKrishnan
5056525291,AkashGKrishnan
3378339196,AkashGKrishnan
4828544278,AkashGKrishnan
3514392753,AkashGKrishnan
1274365307,AkashGKrishnan
2313756859,AkashGKrishnan
1740530763,AkashGKrishnan
3397587283,AkashGKrishnan
1861504340,AkashGKrishnan
2765480001,AkashGKrishnan
2301115275,AkashGKrishnan
2894434091,AkashGKrishnan
3147244310,AkashGKrishnan
4574835759,AkashGKrishnan
3215377341,AkashGKrishnan
2743439362,AkashGKrishnan
2503826062,AkashGKrishnan
4928168469,AkashGKrishnan
3115631642,AkashGKrishnan
3527464947,AkashGKrishnan
2722864220,AkashGKrishnan
5534655225,AkashGKrishnan
4405805353,AkashGKrishnan
5301743544,AkashGKrishnan
1981652639,AkashGKrishnan
2963316368,AkashGKrishnan
1480199741,AkashGKrishnan
4309209813,AkashGKrishnan
3844113696,AkashGKrishnan
1902295297,AkashGKrishnan
3444125383,AkashGKrishnan
1362772500,AkashGKrishnan
2715698516,AkashGKrishnan
3195750493,AkashGKrishnan
2502876736,AkashGKrishnan
4344419809,AkashGKrishnan
3720439157,AkashGKrishnan
1800542720,AkashGKrishnan
5402352648,AkashGKrishnan
1601243524,AkashGKrishnan
1627242611,AkashGKrishnan
3983497098,AkashGKrishnan
3201844374,AkashGKrishnan
3861434392,AkashGKrishnan
2009837006,AkashGKrishnan
4314047333,AkashGKrishnan
4325331735,AkashGKrishnan
2736027282,AkashGKrishnan
4074571031,AkashGKrishnan
3742028811,AkashGKrishnan
5552857623,AkashGKrishnan
4653461818,AkashGKrishnan
1597765613,AkashGKrishnan
3121769376,AkashGKrishnan
1490925602,AkashGKrishnan
3915976369,AkashGKrishnan
2080576069,AkashGKrishnan
4445759489,AkashGKrishnan
4069707938,AkashGKrishnan
2207182543,AkashGKrishnan
4228858067,AkashGKrishnan
5122276242,AkashGKrishnan
3987187219,AkashGKrishnan
5465099194,AkashGKrishnan
2381901478,AkashGKrishnan
3802556295,AkashGKrishnan
1239344670,AkashGKrishnan
5271347819,AkashGKrishnan
1767333990,AkashGKrishnan
3278146746,AkashGKrishnan
3453707647,AkashGKrishnan
4265714230,AkashGKrishnan
1854233748,AkashGKrishnan
4455726353,AkashGKrishnan
4520214900,AkashGKrishnan
3591638111,AkashGKrishnan
2252849721,AkashGKrishnan
1217659727,AkashGKrishnan
2371515209,AkashGKrishnan
4485658315,AkashGKrishnan
2895357592,AkashGKrishnan
4415582371,AkashGKrishnan
4381342200,AkashGKrishnan
3443239271,AkashGKrishnan
3129609173,AkashGKrishnan
4900085207,AkashGKrishnan
2243907309,AkashGKrishnan
4947936171,AkashGKrishnan
3641707271,AkashGKrishnan
2438659951,AkashGKrishnan
3952189077,AkashGKrishnan
3932967824,AkashGKrishnan
4189966743,AkashGKrishnan
1695555894,AkashGKrishnan
2037375243,AkashGKrishnan
2376263231,AkashGKrishnan
1270186679,AkashGKrishnan
3525403616,AkashGKrishnan
3573257351,AkashGKrishnan
3083866608,AkashGKrishnan
2319687978,AkashGKrishnan
3176633553,AkashGKrishnan
1240970307,AkashGKrishnan
4622460551,AkashGKrishnan
2446163909,AkashGKrishnan
4937436990,AkashGKrishnan
3078340909,AkashGKrishnan
3531253880,AkashGKrishnan
3199613136,AkashGKrishnan
2049204750,AkashGKrishnan
1898301856,AkashGKrishnan
2616990685,AkashGKrishnan
2461490014,AkashGKrishnan
1486522065,AkashGKrishnan
2684082613,AkashGKrishnan
1831606707,AkashGKrishnan
5095956006,AkashGKrishnan
3629552934,AkashGKrishnan
5408261136,AkashGKrishnan
1882244933,AkashGKrishnan
1610587231,AkashGKrishnan
1832149531,AkashGKrishnan
2450103334,AkashGKrishnan
3110835926,AkashGKrishnan
4065253656,AkashGKrishnan
2617077883,AkashGKrishnan
1441928558,AkashGKrishnan
5182702526,AkashGKrishnan
1929382949,AkashGKrishnan
2975037942,AkashGKrishnan
5032042044,AkashGKrishnan
4168112628,AkashGKrishnan
4861053759,AkashGKrishnan
4049575035,AkashGKrishnan
4660467371,AkashGKrishnan
2006979253,AkashGKrishnan
4542330517,AkashGKrishnan
5188568511,AkashGKrishnan
5253224346,AkashGKrishnan
4616423607,AkashGKrishnan
4539474193,AkashGKrishnan
5159637729,AkashGKrishnan
4378597814,AkashGKrishnan
3355690800,AkashGKrishnan
3402709452,AkashGKrishnan
4375567467,AkashGKrishnan
2711939020,AkashGKrishnan
2860979996,AkashGKrishnan
4638931189,AkashGKrishnan
1957116417,AkashGKrishnan
3366620125,AkashGKrishnan
4645499775,AkashGKrishnan
1564637228,AkashGKrishnan
1573149719,AkashGKrishnan
2205422380,AkashGKrishnan
5234901849,AkashGKrishnan
4178847175,AkashGKrishnan
1348552737,AkashGKrishnan
3591974872,AkashGKrishnan
3368455351,AkashGKrishnan
3888671442,AkashGKrishnan
2224327238,AkashGKrishnan
3460357262,AkashGKrishnan
4785095390,AkashGKrishnan
4480995185,AkashGKrishnan
3906088264,AkashGKrishnan
3315089682,AkashGKrishnan
2320175782,AkashGKrishnan
1231762389,AkashGKrishnan
3060424428,AkashGKrishnan
1151429024,AkashGKrishnan
2151666202,AkashGKrishnan
4001533298,AkashGKrishnan
4732092989,AkashGKrishnan
3197891138,AkashGKrishnan
4419177688,AkashGKrishnan
3828540609,AkashGKrishnan
4649297459,AkashGKrishnan
1833699209,AkashGKrishnan
3546653116,AkashGKrishnan
5019151691,AkashGKrishnan
3509649474,AkashGKrishnan
5070767118,AkashGKrishnan
5020042560,AkashGKrishnan
3709573747,AkashGKrishnan
4794769052,AkashGKrishnan
1226444267,AkashGKrishnan
2449378682,AkashGKrishnan
4800869094,AkashGKrishnan
4086424999,AkashGKrishnan
4750832117,AkashGKrishnan
2451987538,AkashGKrishnan
1354552460,AkashGKrishnan
3633326620,AkashGKrishnan
3991746307,AkashGKrishnan
2972311493,AkashGKrishnan
3189518409,AkashGKrishnan
2032470604,AkashGKrishnan
4224956779,AkashGKrishnan
5410588052,AkashGKrishnan
5403085089,AkashGKrishnan
2371908470,AkashGKrishnan
1238936190,AkashGKrishnan
1958413291,AkashGKrishnan
1646008251,AkashGKrishnan
2603749587,AkashGKrishnan
5304106889,AkashGKrishnan
3353807165,AkashGKrishnan
2186842505,AkashGKrishnan
2218396178,AkashGKrishnan
4164932287,AkashGKrishnan
1183765519,AkashGKrishnan
1669777116,AkashGKrishnan
4248612393,AkashGKrishnan
2118254045,AkashGKrishnan
3115098173,AkashGKrishnan
3688658285,AkashGKrishnan
3261952174,AkashGKrishnan
4872959937,AkashGKrishnan
1119908839,AkashGKrishnan
3753419757,AkashGKrishnan
4934232070,AkashGKrishnan
3625780489,AkashGKrishnan
5023715069,AkashGKrishnan
5392444374,AkashGKrishnan
3688544562,AkashGKrishnan
2611378868,AkashGKrishnan
5461015366,AkashGKrishnan
3971547908,AkashGKrishnan
2959029379,AkashGKrishnan
1133340634,AkashGKrishnan
3909285198,AkashGKrishnan
3989794096,AkashGKrishnan
2175472521,AkashGKrishnan
3749182954,AkashGKrishnan
4594641690,AkashGKrishnan
3577017876,AkashGKrishnan
2184917313,AkashGKrishnan
4942668053,AkashGKrishnan
3898668426,AkashGKrishnan
4838672612,AkashGKrishnan
2160902595,AkashGKrishnan
4541425909,AkashGKrishnan
1957389260,AkashGKrishnan
2795290841,AkashGKrishnan
4031090973,AkashGKrishnan
2686660994,AkashGKrishnan
1989283270,AkashGKrishnan
1157216214,AkashGKrishnan
2675132266,AkashGKrishnan
1171109307,AkashGKrishnan
4300409898,AkashGKrishnan
2381064869,AkashGKrishnan
5172189202,AkashGKrishnan
4753934449,AkashGKrishnan
5249994759,AkashGKrishnan
5531837225,AkashGKrishnan
1807164760,AkashGKrishnan
2069552903,AkashGKrishnan
4028831327,AkashGKrishnan
5540152221,AkashGKrishnan
2358820341,AkashGKrishnan
1808278052,AkashGKrishnan
2144324560,AkashGKrishnan
1210806001,AkashGKrishnan
3304388253,AkashGKrishnan
2676779123,AkashGKrishnan
2627218166,AkashGKrishnan
4351798916,AkashGKrishnan
4963457325,AkashGKrishnan
2426409384,AkashGKrishnan
1227018918,AkashGKrishnan
2927282977,AkashGKrishnan
2522070835,AkashGKrishnan
4058866162,AkashGKrishnan
2667458235,AkashGKrishnan
3745273175,AkashGKrishnan
2696132647,AkashGKrishnan
4814820623,AkashGKrishnan
5364606207,AkashGKrishnan
5309676655,AkashGKrishnan
1255344122,AkashGKrishnan
2213927607,AkashGKrishnan
1902227120,AkashGKrishnan
4618385883,AkashGKrishnan
3715542906,AkashGKrishnan
3757613909,AkashGKrishnan
4183019451,AkashGKrishnan
2493887118,AkashGKrishnan
3376208168,AkashGKrishnan
3783192806,AkashGKrishnan
3769363398,AkashGKrishnan
4020033175,AkashGKrishnan
5374606428,AkashGKrishnan
1203909973,AkashGKrishnan
1973312977,AkashGKrishnan
4093506762,AkashGKrishnan
2921583111,AkashGKrishnan
4284442364,AkashGKrishnan
3857762585,AkashGKrishnan
3598976010,AkashGKrishnan
4652493958,AkashGKrishnan
2228176968,AkashGKrishnan
2594081046,AkashGKrishnan
1526068272,AkashGKrishnan
5223820159,AkashGKrishnan
1468973759,AkashGKrishnan
3898692469,AkashGKrishnan
1633685053,AkashGKrishnan
3090840563,AkashGKrishnan
4823630726,AkashGKrishnan
1395844265,AkashGKrishnan
5060885856,AkashGKrishnan
1192666711,AkashGKrishnan
3999778060,AkashGKrishnan
3900716122,AkashGKrishnan
1581213615,AkashGKrishnan
2370038772,AkashGKrishnan
4786062009,AkashGKrishnan
4200917698,AkashGKrishnan
1349536384,AkashGKrishnan
3070462791,AkashGKrishnan
3944252927,AkashGKrishnan
4443799101,AkashGKrishnan
2228756069,AkashGKrishnan
4874348951,AkashGKrishnan
4671648583,AkashGKrishnan
2454770044,AkashGKrishnan
3003781561,AkashGKrishnan
2256970248,AkashGKrishnan
5105694909,AkashGKrishnan
1260956824,AkashGKrishnan
2081499299,AkashGKrishnan
5357075816,AkashGKrishnan
2310348378,AkashGKrishnan
2863328929,AkashGKrishnan
3956835368,AkashGKrishnan
2312872724,AkashGKrishnan
4496879388,AkashGKrishnan
3861957478,AkashGKrishnan
1520742997,AkashGKrishnan
5020350882,AkashGKrishnan
5288635003,AkashGKrishnan
2211372492,AkashGKrishnan
2127075142,AkashGKrishnan
4581065149,AkashGKrishnan
4423158814,AkashGKrishnan
1448825921,AkashGKrishnan
3948278122,AkashGKrishnan
4136735833,AkashGKrishnan
4582689627,AkashGKrishnan
5324255439,AkashGKrishnan
4230652423,AkashGKrishnan
2473755466,AkashGKrishnan
5470183463,AkashGKrishnan
4438818370,AkashGKrishnan
3421107392,AkashGKrishnan
2267187319,AkashGKrishnan
1245465087,AkashGKrishnan
4143136492,AkashGKrishnan
3411016151,AkashGKrishnan
2440362974,AkashGKrishnan
1843813937,AkashGKrishnan
1678517386,AkashGKrishnan
4014074840,AkashGKrishnan
3385838640,AkashGKrishnan
2929939549,AkashGKrishnan
1589790356,AkashGKrishnan
2584211940,AkashGKrishnan
1899269851,AkashGKrishnan
3432839352,AkashGKrishnan
2769339765,AkashGKrishnan
3838561439,AkashGKrishnan
5047965598,AkashGKrishnan
4326615298,AkashGKrishnan
2093158926,AkashGKrishnan
3781469166,AkashGKrishnan
4901372023,AkashGKrishnan
2274053947,AkashGKrishnan
1952417419,AkashGKrishnan
3050064547,AkashGKrishnan
2238101599,AkashGKrishnan
2336285463,AkashGKrishnan
3321911381,AkashGKrishnan
3340724102,AkashGKrishnan
4089158106,AkashGKrishnan
1392123863,AkashGKrishnan
4985598834,AkashGKrishnan
5054833356,AkashGKrishnan
5268978230,AkashGKrishnan
1315075997,AkashGKrishnan
2146747058,AkashGKrishnan
4976442842,AkashGKrishnan
4250360913,AkashGKrishnan
2739036314,AkashGKrishnan
1519292913,AkashGKrishnan
3556029868,AkashGKrishnan
2117129708,AkashGKrishnan
3221691349,AkashGKrishnan
5315894165,AkashGKrishnan
3758173925,AkashGKrishnan
5023536378,AkashGKrishnan
2044466661,AkashGKrishnan
2751261761,AkashGKrishnan
1200270318,AkashGKrishnan
3956843657,AkashGKrishnan
2271971905,AkashGKrishnan
5415615397,AkashGKrishnan
5260301924,AkashGKrishnan
4503331420,AkashGKrishnan
2233937577,AkashGKrishnan
4953052973,AkashGKrishnan
3430823130,AkashGKrishnan
2522354736,AkashGKrishnan
4059258027,AkashGKrishnan
2993626414,AkashGKrishnan
1963783948,AkashGKrishnan
1673036691,AkashGKrishnan
1284555312,AkashGKrishnan
1682527123,AkashGKrishnan
1281270738,AkashGKrishnan
1804109323,AkashGKrishnan
3221774289,AkashGKrishnan
4663951965,AkashGKrishnan
4760498291,AkashGKrishnan
3297232550,AkashGKrishnan
4422535817,AkashGKrishnan
2763993904,AkashGKrishnan
4047073447,AkashGKrishnan
4978398910,AkashGKrishnan
1411624961,AkashGKrishnan
1418873944,AkashGKrishnan
1617439724,AkashGKrishnan
2089228748,AkashGKrishnan
4486670192,AkashGKrishnan
4764522502,AkashGKrishnan
3001225271,AkashGKrishnan
4452220043,AkashGKrishnan
1471892701,AkashGKrishnan
4412230720,AkashGKrishnan
4418489979,AkashGKrishnan
1172276033,AkashGKrishnan
2457986367,AkashGKrishnan
1276534901,AkashGKrishnan
4691003302,AkashGKrishnan
1852370184,AkashGKrishnan
3269572798,AkashGKrishnan
3383734803,AkashGKrishnan
3632278645,AkashGKrishnan
1943060116,AkashGKrishnan
2516117870,AkashGKrishnan
1688558109,AkashGKrishnan
2517017282,AkashGKrishnan
1842118499,AkashGKrishnan
4961264249,AkashGKrishnan
3735765517,AkashGKrishnan
1156134829,AkashGKrishnan
3499920883,AkashGKrishnan
1126744124,AkashGKrishnan
5130862231,AkashGKrishnan
3835877808,AkashGKrishnan
5326439677,AkashGKrishnan
3058313871,AkashGKrishnan
1740559505,AkashGKrishnan
2906747755,AkashGKrishnan
1355637703,AkashGKrishnan
4572603764,AkashGKrishnan
4907951492,AkashGKrishnan
1852868013,AkashGKrishnan
3367473961,AkashGKrishnan
4324895810,AkashGKrishnan
4745173983,AkashGKrishnan
3056704707,AkashGKrishnan
1923032203,AkashGKrishnan
2308894340,AkashGKrishnan
5167056637,AkashGKrishnan
1890707516,AkashGKrishnan
4363076582,AkashGKrishnan
2822164497,AkashGKrishnan
5123451343,AkashGKrishnan
3103599568,AkashGKrishnan
3319885753,AkashGKrishnan
2508548323,AkashGKrishnan
5469457140,AkashGKrishnan
4540915360,AkashGKrishnan
2686744450,AkashGKrishnan
3258261894,AkashGKrishnan
1294879614,AkashGKrishnan
1558587863,AkashGKrishnan
4507325405,AkashGKrishnan
2959707933,AkashGKrishnan
4295441621,AkashGKrishnan
1356340472,AkashGKrishnan
2726636969,AkashGKrishnan
3184403493,AkashGKrishnan
4256988930,AkashGKrishnan
4727633558,AkashGKrishnan
4320170715,AkashGKrishnan
3983451960,AkashGKrishnan
4419583768,AkashGKrishnan
2007344181,AkashGKrishnan
4897910661,AkashGKrishnan
1435436008,AkashGKrishnan
3074479336,AkashGKrishnan
2861002610,AkashGKrishnan
1605485576,AkashGKrishnan
3740882568,AkashGKrishnan
5070769098,AkashGKrishnan
4355354268,AkashGKrishnan
2680910993,AkashGKrishnan
5065423679,AkashGKrishnan
3200552918,AkashGKrishnan
1501473901,AkashGKrishnan
4796419769,AkashGKrishnan
4423980377,AkashGKrishnan
4211488454,AkashGKrishnan
1314255440,AkashGKrishnan
1573009710,AkashGKrishnan
2224572593,AkashGKrishnan
5361357742,AkashGKrishnan
4150826186,AkashGKrishnan
4565411925,AkashGKrishnan
1856084815,AkashGKrishnan
2530956855,AkashGKrishnan
2026794294,AkashGKrishnan
2429418499,AkashGKrishnan
2436337729,AkashGKrishnan
4811140748,AkashGKrishnan
1298426973,AkashGKrishnan
4468043266,AkashGKrishnan
1246504162,AkashGKrishnan
3247741802,AkashGKrishnan
1274374603,AkashGKrishnan
1206407947,AkashGKrishnan
3692119785,AkashGKrishnan
2844882245,AkashGKrishnan
5311966443,AkashGKrishnan
1999627936,AkashGKrishnan
3482400354,AkashGKrishnan
4325367465,AkashGKrishnan
4379040117,AkashGKrishnan
1344534438,AkashGKrishnan
5286220022,AkashGKrishnan
2367241937,AkashGKrishnan
2389703197,AkashGKrishnan
4685354303,AkashGKrishnan
4900754023,AkashGKrishnan
1701364297,AkashGKrishnan
1859671578,AkashGKrishnan
3073958788,AkashGKrishnan
5279308485,AkashGKrishnan
3222170642,AkashGKrishnan
3955793424,AkashGKrishnan
3069421665,AkashGKrishnan
2836818551,AkashGKrishnan
1613505697,AkashGKrishnan
4882423492,AkashGKrishnan
3614421807,AkashGKrishnan
2005424388,AkashGKrishnan
1703744680,AkashGKrishnan
4299085622,AkashGKrishnan
3108280412,AkashGKrishnan
2954815715,AkashGKrishnan
2691742585,AkashGKrishnan
3619340578,AkashGKrishnan
1198606761,AkashGKrishnan
1285192795,AkashGKrishnan
1565931412,AkashGKrishnan
2881876526,AkashGKrishnan
4660896055,AkashGKrishnan
4018706888,AkashGKrishnan
5398698444,AkashGKrishnan
1203326909,AkashGKrishnan
4608107758,AkashGKrishnan
1701538677,AkashGKrishnan
3510225646,AkashGKrishnan
3685550160,AkashGKrishnan
3883740942,AkashGKrishnan
2372400456,AkashGKrishnan
4896231648,AkashGKrishnan
1181080130,AkashGKrishnan
1642481979,AkashGKrishnan
3753482551,AkashGKrishnan
1382090249,AkashGKrishnan
5454268434,AkashGKrishnan
4504332682,AkashGKrishnan
3180156451,AkashGKrishnan
2199866395,AkashGKrishnan
2698397872,AkashGKrishnan
5218817594,AkashGKrishnan
3487920945,AkashGKrishnan
3804819172,AkashGKrishnan
2687625166,AkashGKrishnan
4724650273,AkashGKrishnan
3844171793,AkashGKrishnan
4365569934,AkashGKrishnan
1889362107,AkashGKrishnan
4263652861,AkashGKrishnan
3229518354,AkashGKrishnan
4607154325,AkashGKrishnan
3771460328,AkashGKrishnan
5339512924,AkashGKrishnan
1489675797,AkashGKrishnan
3583052401,AkashGKrishnan
3936049018,AkashGKrishnan
4565764576,AkashGKrishnan
3656702459,AkashGKrishnan
1308864338,AkashGKrishnan
4836562145,AkashGKrishnan
2858868516,AkashGKrishnan
5332292909,AkashGKrishnan
3589880864,AkashGKrishnan
2320564774,AkashGKrishnan
1353083795,AkashGKrishnan
4938621333,AkashGKrishnan
3405435206,AkashGKrishnan
5445817335,AkashGKrishnan
5526188222,AkashGKrishnan
4864590492,AkashGKrishnan
1448332762,AkashGKrishnan
3672569717,AkashGKrishnan
4960683211,AkashGKrishnan
3865929316,AkashGKrishnan
3548382657,AkashGKrishnan
4295035750,AkashGKrishnan
3624930948,AkashGKrishnan
3348879345,AkashGKrishnan
3296121095,AkashGKrishnan
1965983848,AkashGKrishnan
1471425174,AkashGKrishnan
4873013754,AkashGKrishnan
5502371148,AkashGKrishnan
1618984656,AkashGKrishnan
4976027516,AkashGKrishnan
1915545840,AkashGKrishnan
1271138535,AkashGKrishnan
1736423811,AkashGKrishnan
4478017716,AkashGKrishnan
2860092823,AkashGKrishnan
2836452914,AkashGKrishnan
3394627206,AkashGKrishnan
2444136926,AkashGKrishnan
5007789651,AkashGKrishnan
1494599807,AkashGKrishnan
2827139549,AkashGKrishnan
1943858943,AkashGKrishnan
3162231035,AkashGKrishnan
2519847665,AkashGKrishnan
2447709905,AkashGKrishnan
1369618830,AkashGKrishnan
2221221557,AkashGKrishnan
5421780343,AkashGKrishnan
4730969471,AkashGKrishnan
1170883066,AkashGKrishnan
3663821102,AkashGKrishnan
1862930841,AkashGKrishnan
2150929706,AkashGKrishnan
4449387770,AkashGKrishnan
2865678490,AkashGKrishnan
4509827783,AkashGKrishnan
2932988857,AkashGKrishnan
1673255279,AkashGKrishnan
2343181062,AkashGKrishnan
1720381455,AkashGKrishnan
2611636608,AkashGKrishnan
3815994002,AkashGKrishnan
1479331553,AkashGKrishnan
4733542229,AkashGKrishnan
2432316819,AkashGKrishnan
1366263037,AkashGKrishnan
5470045617,AkashGKrishnan
4527143896,AkashGKrishnan
5490810080,AkashGKrishnan
4130975471,AkashGKrishnan
4410300153,AkashGKrishnan
1697588680,AkashGKrishnan
1375245311,AkashGKrishnan
2640650724,AkashGKrishnan
2231903838,AkashGKrishnan
1434115548,AkashGKrishnan
2057146718,AkashGKrishnan
2002126260,AkashGKrishnan
1423061440,AkashGKrishnan
4795283653,AkashGKrishnan
1538814576,AkashGKrishnan
1658701230,AkashGKrishnan
3342870173,AkashGKrishnan
5029049914,AkashGKrishnan
2843131241,AkashGKrishnan
4927797907,AkashGKrishnan
4889077682,AkashGKrishnan
5506004505,AkashGKrishnan
3130989509,AkashGKrishnan
2761787308,AkashGKrishnan
4938540675,AkashGKrishnan
5042906097,AkashGKrishnan
1993460765,AkashGKrishnan
1849525693,AkashGKrishnan
4096271972,AkashGKrishnan
3573103978,AkashGKrishnan
2145349864,AkashGKrishnan
2430633151,AkashGKrishnan
1345981880,AkashGKrishnan
5439575673,AkashGKrishnan
4678482394,AkashGKrishnan
1480416600,AkashGKrishnan
3153033346,AkashGKrishnan
2883153978,AkashGKrishnan
1878268688,AkashGKrishnan
1334324861,AkashGKrishnan
3911008155,AkashGKrishnan
2145727642,AkashGKrishnan
2184962071,AkashGKrishnan
4240214858,AkashGKrishnan
3896070647,AkashGKrishnan
2762766939,AkashGKrishnan
4952938066,AkashGKrishnan
3548913029,AkashGKrishnan
4600172051,AkashGKrishnan
4751467839,AkashGKrishnan
4518293706,AkashGKrishnan
4439596493,AkashGKrishnan
1656366981,AkashGKrishnan
4470491079,AkashGKrishnan
3860661881,AkashGKrishnan
1846038054,AkashGKrishnan
3227765041,AkashGKrishnan
3482351148,AkashGKrishnan
2136253238,AkashGKrishnan
4910604694,AkashGKrishnan
4609636139,AkashGKrishnan
5549807793,AkashGKrishnan
2595652577,AkashGKrishnan
3954864731,AkashGKrishnan
2984369521,AkashGKrishnan
2507026061,AkashGKrishnan
2619522197,AkashGKrishnan
2032803880,AkashGKrishnan
5197964064,AkashGKrishnan
4028318087,AkashGKrishnan
4085727152,AkashGKrishnan
1134604560,AkashGKrishnan
3833221296,AkashGKrishnan
2809584052,AkashGKrishnan
1235850400,AkashGKrishnan
3025030352,AkashGKrishnan
3884640451,AkashGKrishnan
4819654214,AkashGKrishnan
1420154615,AkashGKrishnan
2601010593,AkashGKrishnan
5311749413,AkashGKrishnan
2766755339,AkashGKrishnan
3629116629,AkashGKrishnan
1206118939,AkashGKrishnan
3846027966,AkashGKrishnan
4477600415,AkashGKrishnan
2529610932,AkashGKrishnan
2033674064,AkashGKrishnan
2713575541,AkashGKrishnan
4302568598,AkashGKrishnan
4012562858,AkashGKrishnan
5384068519,AkashGKrishnan
1913183332,AkashGKrishnan
1907686467,AkashGKrishnan
3239388120,AkashGKrishnan
5111491627,AkashGKrishnan
2737792352,AkashGKrishnan
4093221648,AkashGKrishnan
4989459530,AkashGKrishnan
4803313556,AkashGKrishnan
2480799298,AkashGKrishnan
1369781787,AkashGKrishnan
1706580282,AkashGKrishnan
4620801496,AkashGKrishnan
3038471912,AkashGKrishnan
5091465220,AkashGKrishnan
4073667880,AkashGKrishnan
3080464612,AkashGKrishnan
4278632217,AkashGKrishnan
4032186458,AkashGKrishnan
4836133335,AkashGKrishnan
2073755856,AkashGKrishnan
3253203866,AkashGKrishnan
4596328408,AkashGKrishnan
2784858092,AkashGKrishnan
4384080708,AkashGKrishnan
1525104095,AkashGKrishnan
4085543705,AkashGKrishnan
4120718190,AkashGKrishnan
5501028272,AkashGKrishnan
2689954471,AkashGKrishnan
2100233660,AkashGKrishnan
4406640702,AkashGKrishnan
2786399296,AkashGKrishnan
1279682426,AkashGKrishnan
2096794360,AkashGKrishnan
4918122864,AkashGKrishnan
3273920603,AkashGKrishnan
4597285333,AkashGKrishnan
2464112490,AkashGKrishnan
1359214885,AkashGKrishnan
3338159350,AkashGKrishnan
1810744261,AkashGKrishnan
2525726988,AkashGKrishnan
3484031585,AkashGKrishnan
5523732074,AkashGKrishnan
4125863078,AkashGKrishnan
3811305293,AkashGKrishnan
5488701626,AkashGKrishnan
1166131311,AkashGKrishnan
4825254877,AkashGKrishnan
4809039932,AkashGKrishnan
4238844589,AkashGKrishnan
1913195773,AkashGKrishnan
5353999907,AkashGKrishnan
2549809799,AkashGKrishnan
5191973242,AkashGKrishnan
5519693396,AkashGKrishnan
4564472417,AkashGKrishnan
4824484200,AkashGKrishnan
3603962550,AkashGKrishnan
5402061293,AkashGKrishnan
3485194514,AkashGKrishnan
5092081959,AkashGKrishnan
5350031844,AkashGKrishnan
3919928619,AkashGKrishnan
4728112207,AkashGKrishnan
1915854732,AkashGKrishnan
2434861959,AkashGKrishnan
3671896810,AkashGKrishnan
2708821415,AkashGKrishnan
4010208625,AkashGKrishnan
4870664988,AkashGKrishnan
5178194297,AkashGKrishnan
3991695872,AkashGKrishnan
2648808241,AkashGKrishnan
5235754664,AkashGKrishnan
1180429395,AkashGKrishnan
3657144977,AkashGKrishnan
1539565940,AkashGKrishnan
2300312306,AkashGKrishnan
4342116072,AkashGKrishnan
3893585588,AkashGKrishnan
1126830840,AkashGKrishnan
2401246836,AkashGKrishnan
4755059606,AkashGKrishnan
1156527525,AkashGKrishnan
1651346033,AkashGKrishnan
1984558220,AkashGKrishnan
3543483947,AkashGKrishnan
4431193669,AkashGKrishnan
4311648455,AkashGKrishnan
1509714734,AkashGKrishnan
2822543791,AkashGKrishnan
5527732192,AkashGKrishnan
2054436900,AkashGKrishnan
2991006054,AkashGKrishnan
3167242991,AkashGKrishnan
2088000670,AkashGKrishnan
4537388669,AkashGKrishnan
4504208874,AkashGKrishnan
4187771579,AkashGKrishnan
3989917271,AkashGKrishnan
4908927933,AkashGKrishnan
1311170624,AkashGKrishnan
2250371245,AkashGKrishnan
3862226666,AkashGKrishnan
2564667196,AkashGKrishnan
2479571643,AkashGKrishnan
4094172268,AkashGKrishnan
2274991400,AkashGKrishnan
3905973627,AkashGKrishnan
2262898590,AkashGKrishnan
3381887117,AkashGKrishnan
3632027563,AkashGKrishnan
4480509900,AkashGKrishnan
2101551711,AkashGKrishnan
4041620559,AkashGKrishnan
3934827154,AkashGKrishnan
2686607613,AkashGKrishnan
2011126462,AkashGKrishnan
3945417885,AkashGKrishnan
4834058017,AkashGKrishnan
4904335907,AkashGKrishnan
4642180880,AkashGKrishnan
4182259974,AkashGKrishnan
4736626691,AkashGKrishnan
1544103783,AkashGKrishnan
2268698061,AkashGKrishnan
5468628753,AkashGKrishnan
3881885415,AkashGKrishnan
3314849809,AkashGKrishnan
5179071122,AkashGKrishnan
1487026031,AkashGKrishnan
4779117611,AkashGKrishnan
5453300166,AkashGKrishnan
5482748360,AkashGKrishnan
3685364912,AkashGKrishnan
3441748448,AkashGKrishnan
2606195445,AkashGKrishnan
4886219918,AkashGKrishnan
3919295171,AkashGKrishnan
1384753133,AkashGKrishnan
1466598476,AkashGKrishnan
1876999797,AkashGKrishnan
5289030429,AkashGKrishnan
3226008287,AkashGKrishnan
4766067598,AkashGKrishnan
2601675421,AkashGKrishnan
4135528433,AkashGKrishnan
4647818549,AkashGKrishnan
5456144279,AkashGKrishnan
1213124514,AkashGKrishnan
1258308182,AkashGKrishnan
3850900738,AkashGKrishnan
4948433713,AkashGKrishnan
4270512337,AkashGKrishnan
1390286784,AkashGKrishnan
1764155083,AkashGKrishnan
3215911816,AkashGKrishnan
2797385852,AkashGKrishnan
2768037278,AkashGKrishnan
5059822907,AkashGKrishnan
4170098804,AkashGKrishnan
4436208036,AkashGKrishnan
5353124890,AkashGKrishnan
4311041438,AkashGKrishnan
4391946076,AkashGKrishnan
3033365788,AkashGKrishnan
5221112483,AkashGKrishnan
2688572371,AkashGKrishnan
4328790769,AkashGKrishnan
2836176582,AkashGKrishnan
2967904603,AkashGKrishnan
4556671598,AkashGKrishnan
5255838223,AkashGKrishnan
2071947181,AkashGKrishnan
1651996554,AkashGKrishnan
3558821665,AkashGKrishnan
1510377149,AkashGKrishnan
1272705588,AkashGKrishnan
3469433458,AkashGKrishnan
4015688836,AkashGKrishnan
1815605142,AkashGKrishnan
5180058379,AkashGKrishnan
3219843686,AkashGKrishnan
5210761255,AkashGKrishnan
3171950739,AkashGKrishnan
4774182469,AkashGKrishnan
3335442702,AkashGKrishnan
4073501805,AkashGKrishnan
4618870783,AkashGKrishnan
5291516021,AkashGKrishnan
5422891778,AkashGKrishnan
5156017244,AkashGKrishnan
2217623669,AkashGKrishnan
2232327463,AkashGKrishnan
2967303936,AkashGKrishnan
1530931944,AkashGKrishnan
3206175209,AkashGKrishnan
1173474202,AkashGKrishnan
3117270572,AkashGKrishnan
3331257419,AkashGKrishnan
2527201200,AkashGKrishnan
4521032702,AkashGKrishnan
3598534308,AkashGKrishnan
1630144157,AkashGKrishnan
5149455198,AkashGKrishnan
3481066830,AkashGKrishnan
3655848006,AkashGKrishnan
2754327276,AkashGKrishnan
5010703710,AkashGKrishnan
4477302432,AkashGKrishnan
1508932477,AkashGKrishnan
3066432300,AkashGKrishnan
3133568220,AkashGKrishnan
1303966869,AkashGKrishnan
2505862724,AkashGKrishnan
2807354364,AkashGKrishnan
3136372137,AkashGKrishnan
2860934790,AkashGKrishnan
4765898511,AkashGKrishnan
2656684366,AkashGKrishnan
1751246257,AkashGKrishnan
3945250605,AkashGKrishnan
5143132569,AkashGKrishnan
3725340478,AkashGKrishnan
2897994555,AkashGKrishnan
4413004598,AkashGKrishnan
2762897795,AkashGKrishnan
1417718337,AkashGKrishnan
1301953026,AkashGKrishnan
2520671032,AkashGKrishnan
1671626179,AkashGKrishnan
3581201462,AkashGKrishnan
1878564361,AkashGKrishnan
5209633945,AkashGKrishnan
2121424337,AkashGKrishnan
1964095616,AkashGKrishnan
5329641275,AkashGKrishnan
2042400104,AkashGKrishnan
4495709218,AkashGKrishnan
3558329424,AkashGKrishnan
3140517120,AkashGKrishnan
5107156056,AkashGKrishnan
4392202318,AkashGKrishnan
5429122249,AkashGKrishnan
3533970093,AkashGKrishnan
1917579274,AkashGKrishnan
3305093243,AkashGKrishnan
2302794703,AkashGKrishnan
3704860433,AkashGKrishnan
3263091960,AkashGKrishnan
2638181051,AkashGKrishnan
2186050190,AkashGKrishnan
5302453746,AkashGKrishnan
3852462819,AkashGKrishnan
1467219554,AkashGKrishnan
2065298542,AkashGKrishnan
1962798878,AkashGKrishnan
5031411669,AkashGKrishnan
2607389206,AkashGKrishnan
5271618153,AkashGKrishnan
5059123403,AkashGKrishnan
4177309678,AkashGKrishnan
3143082266,AkashGKrishnan
4141942487,AkashGKrishnan
2242548652,AkashGKrishnan
1388944581,AkashGKrishnan
1194828594,AkashGKrishnan
1933956942,AkashGKrishnan
3357445914,AkashGKrishnan
2310455607,AkashGKrishnan
4455563721,AkashGKrishnan
5092423424,AkashGKrishnan
4827837362,AkashGKrishnan
2208141951,AkashGKrishnan
2461736794,AkashGKrishnan
3825481339,AkashGKrishnan
5216453091,AkashGKrishnan
2482533275,AkashGKrishnan
2468007427,AkashGKrishnan
5466606729,AkashGKrishnan
4513597363,AkashGKrishnan
4153748250,AkashGKrishnan
4891765274,AkashGKrishnan
2602070987,AkashGKrishnan
2547492276,AkashGKrishnan
1545889519,AkashGKrishnan
4166219097,AkashGKrishnan
5119596651,AkashGKrishnan
5135464050,AkashGKrishnan
4205669075,AkashGKrishnan
2801237147,AkashGKrishnan
4082992760,AkashGKrishnan
1125276531,AkashGKrishnan
1870746952,AkashGKrishnan
4080427308,AkashGKrishnan
1156955668,AkashGKrishnan
4100215603,AkashGKrishnan
2356532620,AkashGKrishnan
3204333438,AkashGKrishnan
3606459386,AkashGKrishnan
2027688176,AkashGKrishnan
4128411190,AkashGKrishnan
5195697042,AkashGKrishnan
4071878269,AkashGKrishnan
2079664850,AkashGKrishnan
1241534924,AkashGKrishnan
2423319674,AkashGKrishnan
3026702076,AkashGKrishnan
2757327539,AkashGKrishnan
1370205094,AkashGKrishnan
5433551752,AkashGKrishnan
4507105543,AkashGKrishnan
3097046800,AkashGKrishnan
2971377192,AkashGKrishnan
4176956551,AkashGKrishnan
3384509612,AkashGKrishnan
1850541920,AkashGKrishnan
1801156169,AkashGKrishnan
3274715859,AkashGKrishnan
4362044570,AkashGKrishnan
3621744304,AkashGKrishnan
5415760985,AkashGKrishnan
3339254960,AkashGKrishnan
2907186129,AkashGKrishnan
5526458429,AkashGKrishnan
3728751395,AkashGKrishnan
3108867489,AkashGKrishnan
3871893870,AkashGKrishnan
2212921852,AkashGKrishnan
2830332455,AkashGKrishnan
4357224134,AkashGKrishnan
2369133142,AkashGKrishnan
5453154309,AkashGKrishnan
3657661822,AkashGKrishnan
4495959337,AkashGKrishnan
1646373553,AkashGKrishnan
4171361717,AkashGKrishnan
2028552061,AkashGKrishnan
4962176756,AkashGKrishnan
5246397287,AkashGKrishnan
5305040894,AkashGKrishnan
1380294334,AkashGKrishnan
3032170523,AkashGKrishnan
5435251627,AkashGKrishnan
4481990149,AkashGKrishnan
3311371491,AkashGKrishnan
4121342713,AkashGKrishnan
4107437047,AkashGKrishnan
1786198739,AkashGKrishnan
2574749884,AkashGKrishnan
3930117623,AkashGKrishnan
3151635963,AkashGKrishnan
3804429370,AkashGKrishnan
2061021674,AkashGKrishnan
2092747147,AkashGKrishnan
4310007733,AkashGKrishnan
1697437251,AkashGKrishnan
1171195495,AkashGKrishnan
2524230468,AkashGKrishnan
4673655046,AkashGKrishnan
3328750438,AkashGKrishnan
5334570542,AkashGKrishnan
3786039313,AkashGKrishnan
2046505625,AkashGKrishnan
1171853046,AkashGKrishnan
2371405439,AkashGKrishnan
1625781345,AkashGKrishnan
3265841468,AkashGKrishnan
2757258416,AkashGKrishnan
2532485904,AkashGKrishnan
4944493451,AkashGKrishnan
4209758222,AkashGKrishnan
2738764589,AkashGKrishnan
2339889741,AkashGKrishnan
2947103607,AkashGKrishnan
2384143354,AkashGKrishnan
4948150783,AkashGKrishnan
3731464453,AkashGKrishnan
4464521328,AkashGKrishnan
2478691894,AkashGKrishnan
4789725939,AkashGKrishnan
4369776847,AkashGKrishnan
4580802999,AkashGKrishnan
2504753628,AkashGKrishnan
3064501479,AkashGKrishnan
2446057818,AkashGKrishnan
2377220973,AkashGKrishnan
1139835623,AkashGKrishnan
5284071456,AkashGKrishnan
4256810773,AkashGKrishnan
2707695629,AkashGKrishnan
4012138456,AkashGKrishnan
5495716861,AkashGKrishnan
4812030848,AkashGKrishnan
2896197210,AkashGKrishnan
4273199531,AkashGKrishnan
4029319980,AkashGKrishnan
3990075259,AkashGKrishnan
4618924221,AkashGKrishnan
3720667300,AkashGKrishnan
3949714435,AkashGKrishnan
3300843729,AkashGKrishnan
4562602990,AkashGKrishnan
3507974902,AkashGKrishnan
5266866770,AkashGKrishnan
3085068609,AkashGKrishnan
5522371393,AkashGKrishnan
5490838119,AkashGKrishnan
5018750800,AkashGKrishnan
4670614768,AkashGKrishnan
1183001458,AkashGKrishnan
3116283441,AkashGKrishnan
3751179470,AkashGKrishnan
4548682763,AkashGKrishnan
3758807892,AkashGKrishnan
3656722865,AkashGKrishnan
5431474065,AkashGKrishnan
1210327069,AkashGKrishnan
2595615373,AkashGKrishnan
1397280437,AkashGKrishnan
3559763126,AkashGKrishnan
3654007469,AkashGKrishnan
3600052272,AkashGKrishnan
4215573797,AkashGKrishnan
4903356665,AkashGKrishnan
3243616895,AkashGKrishnan
3064332302,AkashGKrishnan
1996564785,AkashGKrishnan
2046591421,AkashGKrishnan
3749841368,AkashGKrishnan
2573406395,AkashGKrishnan
2233648873,AkashGKrishnan
2318948277,AkashGKrishnan
4907406457,AkashGKrishnan
1201909717,AkashGKrishnan
1452449773,AkashGKrishnan
1280217273,AkashGKrishnan
3578005039,AkashGKrishnan
1532174223,AkashGKrishnan
1824355883,AkashGKrishnan
1426922315,AkashGKrishnan
1466343056,AkashGKrishnan
2282638240,AkashGKrishnan
3647755009,AkashGKrishnan
2646060829,AkashGKrishnan
2180943705,AkashGKrishnan
1143829065,AkashGKrishnan
1273037530,AkashGKrishnan
3182471080,AkashGKrishnan
5211682363,AkashGKrishnan
5322967830,AkashGKrishnan
2271471097,AkashGKrishnan
5358899324,AkashGKrishnan
5461338148,AkashGKrishnan
1440972304,AkashGKrishnan
4357112614,AkashGKrishnan
2080748355,AkashGKrishnan
1952057826,AkashGKrishnan
1622261217,AkashGKrishnan
2514689704,AkashGKrishnan
2940854772,AkashGKrishnan
3446662189,AkashGKrishnan
2590212009,AkashGKrishnan
5462028404,AkashGKrishnan
1289697071,AkashGKrishnan
3957959644,AkashGKrishnan
2034464165,AkashGKrishnan
1735475976,AkashGKrishnan
1826125072,AkashGKrishnan
3720115845,AkashGKrishnan
1464308590,AkashGKrishnan
3114803735,AkashGKrishnan
4934836100,AkashGKrishnan
4474218918,AkashGKrishnan
1773798486,AkashGKrishnan
4201738288,AkashGKrishnan
5309840981,AkashGKrishnan
3777262453,AkashGKrishnan
5178409725,AkashGKrishnan
4348682734,AkashGKrishnan
4822230903,AkashGKrishnan
4245904550,AkashGKrishnan
4013094327,AkashGKrishnan
1199019130,AkashGKrishnan
3154100040,AkashGKrishnan
2074871012,AkashGKrishnan
4754951128,AkashGKrishnan
2046361292,AkashGKrishnan
5477787432,AkashGKrishnan
5323683228,AkashGKrishnan
5251708538,AkashGKrishnan
1142166553,AkashGKrishnan
3238326349,AkashGKrishnan
4697493195,AkashGKrishnan
1575570944,AkashGKrishnan
1232204202,AkashGKrishnan
5242296704,AkashGKrishnan
2200548472,AkashGKrishnan
3601152947,AkashGKrishnan
2303417049,AkashGKrishnan
2323726013,AkashGKrishnan
4869887341,AkashGKrishnan
2717642210,AkashGKrishnan
2681395491,AkashGKrishnan
1634835707,AkashGKrishnan
4443831223,AkashGKrishnan
1214386438,AkashGKrishnan
2705438930,AkashGKrishnan
3259599129,AkashGKrishnan
4279916414,AkashGKrishnan
5545945471,AkashGKrishnan
2856337654,AkashGKrishnan
3051649887,AkashGKrishnan
4769169988,AkashGKrishnan
1203771450,AkashGKrishnan
2290846481,AkashGKrishnan
4132880325,AkashGKrishnan
4698375487,AkashGKrishnan
1234565774,AkashGKrishnan
5018497957,AkashGKrishnan
3135786996,AkashGKrishnan
4338556966,AkashGKrishnan
2015514888,AkashGKrishnan
4627733197,AkashGKrishnan
2416167442,AkashGKrishnan
4134340857,AkashGKrishnan
2234315663,AkashGKrishnan
2063552445,AkashGKrishnan
1537211180,AkashGKrishnan
3864179281,AkashGKrishnan
5055223014,AkashGKrishnan
4712288033,AkashGKrishnan
3838438472,AkashGKrishnan
2556002706,AkashGKrishnan
5525640946,AkashGKrishnan
1138155952,AkashGKrishnan
5386478351,AkashGKrishnan
4699498633,AkashGKrishnan
4296085666,AkashGKrishnan
5303430073,AkashGKrishnan
2959725222,AkashGKrishnan
2006398563,AkashGKrishnan
3332146907,AkashGKrishnan
2889010923,AkashGKrishnan
2336236549,AkashGKrishnan
2784085441,AkashGKrishnan
2640376995,AkashGKrishnan
4066166191,AkashGKrishnan
2132344975,AkashGKrishnan
4283289812,AkashGKrishnan
4228222217,AkashGKrishnan
4526768951,AkashGKrishnan
2992945389,AkashGKrishnan
2441514970,AkashGKrishnan
3008938253,AkashGKrishnan
2876716483,AkashGKrishnan
3222280871,AkashGKrishnan
5325775965,AkashGKrishnan
4080473753,AkashGKrishnan
4151277395,AkashGKrishnan
1128194507,AkashGKrishnan
3015584764,AkashGKrishnan
1535704351,AkashGKrishnan
2449062112,AkashGKrishnan
3330601502,AkashGKrishnan
4390984302,AkashGKrishnan
2576741303,AkashGKrishnan
5312792880,AkashGKrishnan
1434768539,AkashGKrishnan
1418727503,AkashGKrishnan
3292874678,AkashGKrishnan
3642398742,AkashGKrishnan
4741706080,AkashGKrishnan
2576134511,AkashGKrishnan
5479214048,AkashGKrishnan
2705462092,AkashGKrishnan
4612431398,AkashGKrishnan
2170834186,AkashGKrishnan
2168732048,AkashGKrishnan
4308911130,AkashGKrishnan
3917128908,AkashGKrishnan
4985315706,AkashGKrishnan
1136408714,AkashGKrishnan
5456342473,AkashGKrishnan
1658277944,AkashGKrishnan
2648439508,AkashGKrishnan
2981009330,AkashGKrishnan
3450609901,AkashGKrishnan
2518095314,AkashGKrishnan
4373650280,AkashGKrishnan
4463101056,AkashGKrishnan
1563198762,AkashGKrishnan
2854778069,AkashGKrishnan
5245379241,AkashGKrishnan
3969748409,AkashGKrishnan
2693538833,AkashGKrishnan
3390287552,AkashGKrishnan
3137736263,AkashGKrishnan
2934165164,AkashGKrishnan
2828057791,AkashGKrishnan
2576247002,AkashGKrishnan
1649747505,AkashGKrishnan
3388781109,AkashGKrishnan
2981006802,AkashGKrishnan
2577401865,AkashGKrishnan
2026312391,AkashGKrishnan
2652542881,AkashGKrishnan
4403737080,AkashGKrishnan
2105048691,AkashGKrishnan
1332152521,AkashGKrishnan
1219505689,AkashGKrishnan
1663836870,AkashGKrishnan
5336961430,AkashGKrishnan
2264919226,AkashGKrishnan
4470868194,AkashGKrishnan
1958847150,AkashGKrishnan
4558652182,AkashGKrishnan
5135397402,AkashGKrishnan
3852225847,AkashGKrishnan
2143079044,AkashGKrishnan
2629907285,AkashGKrishnan
3747709560,AkashGKrishnan
4902009687,AkashGKrishnan
2785276766,AkashGKrishnan
5072228996,AkashGKrishnan
4383188239,AkashGKrishnan
3754266435,AkashGKrishnan
2674363526,AkashGKrishnan
4305679285,AkashGKrishnan
3785388020,AkashGKrishnan
4156436585,AkashGKrishnan
3103371473,AkashGKrishnan
3449475574,AkashGKrishnan
1567952609,AkashGKrishnan
2288767706,AkashGKrishnan
4969026762,AkashGKrishnan
3500468322,AkashGKrishnan
4575144419,AkashGKrishnan
2615739758,AkashGKrishnan
3141420407,AkashGKrishnan
3830879261,AkashGKrishnan
3291660419,AkashGKrishnan
3427747269,AkashGKrishnan
4029644164,AkashGKrishnan
2228655266,AkashGKrishnan
2177174805,AkashGKrishnan
4526180016,AkashGKrishnan
2873701358,AkashGKrishnan
3398650628,AkashGKrishnan
4700663661,AkashGKrishnan
3152242343,AkashGKrishnan
5488108184,AkashGKrishnan
3897415963,AkashGKrishnan
4676326238,AkashGKrishnan
3300552820,AkashGKrishnan
1781903071,AkashGKrishnan
1628107559,AkashGKrishnan
3392404142,AkashGKrishnan
2516479961,AkashGKrishnan
3558681133,AkashGKrishnan
4364898565,AkashGKrishnan
3135454582,AkashGKrishnan
1444470128,AkashGKrishnan
2367575293,AkashGKrishnan
3407879305,AkashGKrishnan
2389381970,AkashGKrishnan
1814301359,AkashGKrishnan
2316124271,AkashGKrishnan
2146905437,AkashGKrishnan
2439596079,AkashGKrishnan
2161930497,AkashGKrishnan
4589223238,AkashGKrishnan
4903809034,AkashGKrishnan
3436379751,AkashGKrishnan
3001400609,AkashGKrishnan
2822918233,AkashGKrishnan
4676735449,AkashGKrishnan
3569821223,AkashGKrishnan
1770105566,AkashGKrishnan
1368899457,AkashGKrishnan
1456700987,AkashGKrishnan
3579370517,AkashGKrishnan
2058660127,AkashGKrishnan
3367859751,AkashGKrishnan
3083443280,AkashGKrishnan
4615455147,AkashGKrishnan
1793876310,AkashGKrishnan
2892528093,AkashGKrishnan
1573339137,AkashGKrishnan
1643525535,AkashGKrishnan
1949958011,AkashGKrishnan
5116908434,AkashGKrishnan
1805011656,AkashGKrishnan
2373565369,AkashGKrishnan
3728423959,AkashGKrishnan
3437248942,AkashGKrishnan
4305226338,AkashGKrishnan
5355142497,AkashGKrishnan
5128953604,AkashGKrishnan
1736870161,AkashGKrishnan
3759935200,AkashGKrishnan
3134452474,AkashGKrishnan
4544121352,AkashGKrishnan
2468036372,AkashGKrishnan
1461933355,AkashGKrishnan
4447698364,AkashGKrishnan
4853502182,AkashGKrishnan
3262596887,AkashGKrishnan
4955809803,AkashGKrishnan
3047300636,AkashGKrishnan
1601705821,AkashGKrishnan
5038765003,AkashGKrishnan
4644062299,AkashGKrishnan
5142089366,AkashGKrishnan
3663762511,AkashGKrishnan
4275948595,AkashGKrishnan
1875921457,AkashGKrishnan
1607607007,AkashGKrishnan
1556464766,AkashGKrishnan
5274934592,AkashGKrishnan
5429211873,AkashGKrishnan
4600855201,AkashGKrishnan
4774114822,AkashGKrishnan
5305654682,AkashGKrishnan
4057211648,AkashGKrishnan
3104863366,AkashGKrishnan
3386588211,AkashGKrishnan
5398030927,AkashGKrishnan
1267691152,AkashGKrishnan
2832148646,AkashGKrishnan
4330872106,AkashGKrishnan
2536385291,AkashGKrishnan
5244047112,AkashGKrishnan
2441258922,AkashGKrishnan
1786663061,AkashGKrishnan
4133180788,AkashGKrishnan
2881343884,AkashGKrishnan
1185292870,AkashGKrishnan
4555061151,AkashGKrishnan
3220404333,AkashGKrishnan
1739901148,AkashGKrishnan
4072339671,AkashGKrishnan
4272912722,AkashGKrishnan
5159667717,AkashGKrishnan
5007224008,AkashGKrishnan
4724037689,AkashGKrishnan
2155766338,AkashGKrishnan
1788643987,AkashGKrishnan
4243069275,AkashGKrishnan
2079704294,AkashGKrishnan
3296774118,AkashGKrishnan
1689550507,AkashGKrishnan
5021235664,AkashGKrishnan
4927309598,AkashGKrishnan
5301915644,AkashGKrishnan
2726673084,AkashGKrishnan
4965922169,AkashGKrishnan
1289533071,AkashGKrishnan
2821348681,AkashGKrishnan
2700124877,AkashGKrishnan
3744685619,AkashGKrishnan
1702879617,AkashGKrishnan
1841944859,AkashGKrishnan
3090982913,AkashGKrishnan
3716009251,AkashGKrishnan
4895589129,AkashGKrishnan
1442539074,AkashGKrishnan
2010320352,AkashGKrishnan
5526732323,AkashGKrishnan
3756942138,AkashGKrishnan
3908148115,AkashGKrishnan
4280849338,AkashGKrishnan
1657835876,AkashGKrishnan
2480004461,AkashGKrishnan
3003849288,AkashGKrishnan
4462251819,AkashGKrishnan
4994663779,AkashGKrishnan
4607229326,AkashGKrishnan
4813161825,AkashGKrishnan
1696970422,AkashGKrishnan
5376110043,AkashGKrishnan
4259598479,AkashGKrishnan
2856912260,AkashGKrishnan
2627206761,AkashGKrishnan
1679665041,AkashGKrishnan
3483353305,AkashGKrishnan
2327984579,AkashGKrishnan
2762597203,AkashGKrishnan
5284016394,AkashGKrishnan
4035746860,AkashGKrishnan
2357323869,AkashGKrishnan
3190905989,AkashGKrishnan
3276847820,AkashGKrishnan
2938689320,AkashGKrishnan
5016612418,AkashGKrishnan
2660515059,AkashGKrishnan
4320354949,AkashGKrishnan
2695502832,AkashGKrishnan
2022282604,AkashGKrishnan
1343906042,AkashGKrishnan
2063787626,AkashGKrishnan
3533105345,AkashGKrishnan
1751519131,AkashGKrishnan
1682211524,AkashGKrishnan
5448898204,AkashGKrishnan
3821602476,AkashGKrishnan
3720053951,AkashGKrishnan
1304463894,AkashGKrishnan
2657517762,AkashGKrishnan
2951241686,AkashGKrishnan
1436468057,AkashGKrishnan
1446451693,AkashGKrishnan
4628551842,AkashGKrishnan
1339585991,AkashGKrishnan
4048809101,AkashGKrishnan
4178836268,AkashGKrishnan
3032422650,AkashGKrishnan
3802945457,AkashGKrishnan
4064809730,AkashGKrishnan
2589503628,AkashGKrishnan
3035598749,AkashGKrishnan
5184075239,AkashGKrishnan
3974659580,AkashGKrishnan
1182151518,AkashGKrishnan
3811655117,AkashGKrishnan
3704645762,AkashGKrishnan
4287209644,AkashGKrishnan
4604540631,AkashGKrishnan
1921877876,AkashGKrishnan
3761691215,AkashGKrishnan
4844311108,AkashGKrishnan
5421801723,AkashGKrishnan
4510940082,AkashGKrishnan
3112442472,AkashGKrishnan
2340091012,AkashGKrishnan
1738962464,AkashGKrishnan
3194333413,AkashGKrishnan
1526219494,AkashGKrishnan
4158761967,AkashGKrishnan
2395896539,AkashGKrishnan
3321153753,AkashGKrishnan
3006114948,AkashGKrishnan
5097729913,AkashGKrishnan
3874833648,AkashGKrishnan
3265076298,AkashGKrishnan
3663516996,AkashGKrishnan
3813257299,AkashGKrishnan
2434886735,AkashGKrishnan
2841155074,AkashGKrishnan
2694178073,AkashGKrishnan
2473721547,AkashGKrishnan
5367022655,AkashGKrishnan
2993228598,AkashGKrishnan
3076805596,AkashGKrishnan
1676008798,AkashGKrishnan
5395778768,AkashGKrishnan
5421629214,AkashGKrishnan
2500301248,AkashGKrishnan
2595181618,AkashGKrishnan
3652776991,AkashGKrishnan
1129877989,AkashGKrishnan
4115331719,AkashGKrishnan
1158306526,AkashGKrishnan
4775762445,AkashGKrishnan
3294493648,AkashGKrishnan
1403586762,AkashGKrishnan
2000674559,AkashGKrishnan
1685704628,AkashGKrishnan
3538295757,AkashGKrishnan
4094982114,AkashGKrishnan
5327625250,AkashGKrishnan
4062429508,AkashGKrishnan
4497629391,AkashGKrishnan
2068240018,AkashGKrishnan
1918917074,AkashGKrishnan
5219496412,AkashGKrishnan
2503452227,AkashGKrishnan
5230711034,AkashGKrishnan
3782693631,AkashGKrishnan
1722939322,AkashGKrishnan
2518217033,AkashGKrishnan
4524401584,AkashGKrishnan
4202599442,AkashGKrishnan
2900929054,AkashGKrishnan
4212311079,AkashGKrishnan
3458271295,AkashGKrishnan
5091707061,AkashGKrishnan
4579710972,AkashGKrishnan
1960120789,AkashGKrishnan
4960728543,AkashGKrishnan
5530720300,AkashGKrishnan
4806041428,AkashGKrishnan
4842623809,AkashGKrishnan
4073114112,AkashGKrishnan
3131122699,AkashGKrishnan
2565824591,AkashGKrishnan
1302748133,AkashGKrishnan
4335830729,AkashGKrishnan
3321090369,AkashGKrishnan
3577461103,AkashGKrishnan
3313000344,AkashGKrishnan
3142245690,AkashGKrishnan
3432048506,AkashGKrishnan
2430917962,AkashGKrishnan
2218897394,AkashGKrishnan
2751427438,AkashGKrishnan
3789315493,AkashGKrishnan
2073266790,AkashGKrishnan
4174064163,AkashGKrishnan
2766307943,AkashGKrishnan
2292397770,AkashGKrishnan
1963589487,AkashGKrishnan
2559285030,AkashGKrishnan
1127445573,AkashGKrishnan
4788029285,AkashGKrishnan
3969444823,AkashGKrishnan
4583294264,AkashGKrishnan
1717076605,AkashGKrishnan
5196925612,AkashGKrishnan
4797429446,AkashGKrishnan
2892184665,AkashGKrishnan
5092816254,AkashGKrishnan
4796617830,AkashGKrishnan
1506224117,AkashGKrishnan
4800775211,AkashGKrishnan
3422281939,AkashGKrishnan
4455296269,AkashGKrishnan
1425824230,AkashGKrishnan
2708878629,AkashGKrishnan
4057308249,AkashGKrishnan
2382194044,AkashGKrishnan
4912998584,AkashGKrishnan
4749555783,AkashGKrishnan
1454139097,AkashGKrishnan
3856076356,AkashGKrishnan
2077361762,AkashGKrishnan
2156932874,AkashGKrishnan
3461307440,AkashGKrishnan
5336855984,AkashGKrishnan
2583813681,AkashGKrishnan
4135336500,AkashGKrishnan
3768566251,AkashGKrishnan
3206173863,AkashGKrishnan
4797353690,AkashGKrishnan
1718973338,AkashGKrishnan
2830600564,AkashGKrishnan
3076036238,AkashGKrishnan
2066568610,AkashGKrishnan
1320545338,AkashGKrishnan
5039918655,AkashGKrishnan
5498548463,AkashGKrishnan
3002978577,AkashGKrishnan
4872300465,AkashGKrishnan
3395481651,AkashGKrishnan
3958328330,AkashGKrishnan
2481327423,AkashGKrishnan
2368701594,AkashGKrishnan
3382142513,AkashGKrishnan
4694090475,AkashGKrishnan
2469699260,AkashGKrishnan
5123428602,AkashGKrishnan
3181780880,AkashGKrishnan
3971822912,AkashGKrishnan
4016716622,AkashGKrishnan
1354644413,AkashGKrishnan
1757928765,AkashGKrishnan
1626669295,AkashGKrishnan
1201991458,AkashGKrishnan
4762783824,AkashGKrishnan
5247156904,AkashGKrishnan
3658621768,AkashGKrishnan
2649268200,AkashGKrishnan
4005620221,AkashGKrishnan
4304438595,AkashGKrishnan
4110652676,AkashGKrishnan
1538530207,AkashGKrishnan
4193664884,AkashGKrishnan
3218190080,AkashGKrishnan
1342509450,AkashGKrishnan
2679232886,AkashGKrishnan
1809355682,AkashGKrishnan
1914452272,AkashGKrishnan
1439712064,AkashGKrishnan
1770114409,AkashGKrishnan
3251954076,AkashGKrishnan
3971764492,AkashGKrishnan
3434922025,AkashGKrishnan
1837948922,AkashGKrishnan
2376645245,AkashGKrishnan
1367291572,AkashGKrishnan
3852998875,AkashGKrishnan
5408136835,AkashGKrishnan
1777421341,AkashGKrishnan
5453489269,AkashGKrishnan
2790059504,AkashGKrishnan
1603562451,AkashGKrishnan
5062848947,AkashGKrishnan
1198489355,AkashGKrishnan
4190204986,AkashGKrishnan
4581682645,AkashGKrishnan
2502311695,AkashGKrishnan
1317138917,AkashGKrishnan
4517707899,AkashGKrishnan
1308749102,AkashGKrishnan
5012663376,AkashGKrishnan
4110102490,AkashGKrishnan
3795669502,AkashGKrishnan
2309386758,AkashGKrishnan
2384649072,AkashGKrishnan
1915704034,AkashGKrishnan
5473547748,AkashGKrishnan
3810559403,AkashGKrishnan
3626401617,AkashGKrishnan
2745390371,AkashGKrishnan
2857843206,AkashGKrishnan
1681412847,AkashGKrishnan
3227280209,AkashGKrishnan
4969309569,AkashGKrishnan
2843932968,AkashGKrishnan
3654152689,AkashGKrishnan
2991890657,AkashGKrishnan
4019586594,AkashGKrishnan
3180072521,AkashGKrishnan
5163226276,AkashGKrishnan
3332489238,AkashGKrishnan
4601258999,AkashGKrishnan
3273041905,AkashGKrishnan
4086952918,AkashGKrishnan
5195069665,AkashGKrishnan
1487607619,AkashGKrishnan
2352016006,AkashGKrishnan
3906789161,AkashGKrishnan
5108105354,AkashGKrishnan
2869458171,AkashGKrishnan
1234703315,AkashGKrishnan
3009517210,AkashGKrishnan
2041726611,AkashGKrishnan
1333567222,AkashGKrishnan
2914454859,AkashGKrishnan
1831996801,AkashGKrishnan
1720195848,AkashGKrishnan
4184420586,AkashGKrishnan
1534858467,AkashGKrishnan
1498197878,AkashGKrishnan
2411937878,AkashGKrishnan
5489315988,AkashGKrishnan
3124252880,AkashGKrishnan
1561902372,AkashGKrishnan
2287273803,AkashGKrishnan
2616678985,AkashGKrishnan
3600472563,AkashGKrishnan
2843562033,AkashGKrishnan
4294168998,AkashGKrishnan
4982096232,AkashGKrishnan
1198099600,AkashGKrishnan
3003950129,AkashGKrishnan
3940445853,AkashGKrishnan
3260881929,AkashGKrishnan
3609773007,AkashGKrishnan
2158156188,AkashGKrishnan
1670251267,AkashGKrishnan
2300328330,AkashGKrishnan
5236047923,AkashGKrishnan
1887967834,AkashGKrishnan
2068209626,AkashGKrishnan
4244546655,AkashGKrishnan
1750758816,AkashGKrishnan
4665891880,AkashGKrishnan
1671345092,AkashGKrishnan
1858334497,AkashGKrishnan
4111348289,AkashGKrishnan
3557496598,AkashGKrishnan
4118594857,AkashGKrishnan
5485576172,AkashGKrishnan
4364555229,AkashGKrishnan
5200990940,AkashGKrishnan
1688939129,AkashGKrishnan
4928818785,AkashGKrishnan
1870084487,AkashGKrishnan
2409087371,AkashGKrishnan
5129756670,AkashGKrishnan
3570452099,AkashGKrishnan
4795111510,AkashGKrishnan
2591733893,AkashGKrishnan
5498365508,AkashGKrishnan
3115263138,AkashGKrishnan
5067241767,AkashGKrishnan
3194689343,AkashGKrishnan
2269848552,AkashGKrishnan
1285277547,AkashGKrishnan
4175000939,AkashGKrishnan
4327590417,AkashGKrishnan
4242370879,AkashGKrishnan
4074413892,AkashGKrishnan
3599225948,AkashGKrishnan
5428027472,AkashGKrishnan
1562703320,AkashGKrishnan
4971374877,AkashGKrishnan
2216209705,AkashGKrishnan
1457311341,AkashGKrishnan
4482522759,AkashGKrishnan
4424477535,AkashGKrishnan
1672445579,AkashGKrishnan
1972905971,AkashGKrishnan
1943343729,AkashGKrishnan
5090185862,AkashGKrishnan
3426181829,AkashGKrishnan
4287344519,AkashGKrishnan
5391328193,AkashGKrishnan
4401531231,AkashGKrishnan
4022309768,AkashGKrishnan
2958198437,AkashGKrishnan
3200028113,AkashGKrishnan
3135863290,AkashGKrishnan
3410526762,AkashGKrishnan
3714552051,AkashGKrishnan
1933462366,AkashGKrishnan
3570041414,AkashGKrishnan
3762706158,AkashGKrishnan
5341445366,AkashGKrishnan
1835602862,AkashGKrishnan
4964927648,AkashGKrishnan
5161241083,AkashGKrishnan
1887475418,AkashGKrishnan
3767452427,AkashGKrishnan
2149856280,AkashGKrishnan
3222500093,AkashGKrishnan
4578954290,AkashGKrishnan
4885742508,AkashGKrishnan
1585812942,AkashGKrishnan
1416069914,AkashGKrishnan
3517047273,AkashGKrishnan
3184084160,AkashGKrishnan
3154578983,AkashGKrishnan
3393555112,AkashGKrishnan
3857582880,AkashGKrishnan
2164513647,AkashGKrishnan
1644422754,AkashGKrishnan
4856868806,AkashGKrishnan
4417369047,AkashGKrishnan
3462271389,AkashGKrishnan
3216702003,AkashGKrishnan
4511844146,AkashGKrishnan
3540825362,AkashGKrishnan
1334874493,AkashGKrishnan
1540962540,AkashGKrishnan
2172567878,AkashGKrishnan
2299276964,AkashGKrishnan
5062907474,AkashGKrishnan
2898049982,AkashGKrishnan
2409938876,AkashGKrishnan
5097180421,AkashGKrishnan
4618877161,AkashGKrishnan
1710321185,AkashGKrishnan
3294397101,AkashGKrishnan
4686981035,AkashGKrishnan
5401364844,AkashGKrishnan
2252179565,AkashGKrishnan
3014779949,AkashGKrishnan
1809048165,AkashGKrishnan
3064709855,AkashGKrishnan
2683822904,AkashGKrishnan
2124260667,AkashGKrishnan
4500683601,AkashGKrishnan
3368260557,AkashGKrishnan
2493194021,AkashGKrishnan
4795386716,AkashGKrishnan
2222219337,AkashGKrishnan
3519981726,AkashGKrishnan
1262982799,AkashGKrishnan
2810480733,AkashGKrishnan
1403946539,AkashGKrishnan
4218652359,AkashGKrishnan
3642018927,AkashGKrishnan
4526811515,AkashGKrishnan
2047523777,AkashGKrishnan
4737873586,AkashGKrishnan
3877370676,AkashGKrishnan
1870169597,AkashGKrishnan
5159981833,AkashGKrishnan
5392826383,AkashGKrishnan
5337104947,AkashGKrishnan
3362794371,AkashGKrishnan
3441793558,AkashGKrishnan
1830592194,AkashGKrishnan
4900745758,AkashGKrishnan
1999493616,AkashGKrishnan
2266500458,AkashGKrishnan
4246983603,AkashGKrishnan
4267835410,AkashGKrishnan
4455473921,AkashGKrishnan
1698359581,AkashGKrishnan
2522249945,AkashGKrishnan
2940309684,AkashGKrishnan
3022831449,AkashGKrishnan
5399481555,AkashGKrishnan
4370275398,AkashGKrishnan
4699615351,AkashGKrishnan
5328112811,AkashGKrishnan
2969631951,AkashGKrishnan
4480543024,AkashGKrishnan
4437625885,AkashGKrishnan
1503738051,AkashGKrishnan
4819550991,AkashGKrishnan
4412045188,AkashGKrishnan
2319934746,AkashGKrishnan
4354514564,AkashGKrishnan
1230196936,AkashGKrishnan
3898691888,AkashGKrishnan
4263632252,AkashGKrishnan
5442924239,AkashGKrishnan
4918783686,AkashGKrishnan
4441795183,AkashGKrishnan
1904077851,AkashGKrishnan
2193809108,AkashGKrishnan
3773557910,AkashGKrishnan
4157128456,AkashGKrishnan
2045155321,AkashGKrishnan
1890602706,AkashGKrishnan
2066661858,AkashGKrishnan
1705281944,AkashGKrishnan
4565741027,AkashGKrishnan
4780144345,AkashGKrishnan
3883960051,AkashGKrishnan
4921088689,AkashGKrishnan
2156308718,AkashGKrishnan
2963813156,AkashGKrishnan
3259191180,AkashGKrishnan
2823790764,AkashGKrishnan
4722554876,AkashGKrishnan
3295148492,AkashGKrishnan
4907645756,AkashGKrishnan
1282849461,AkashGKrishnan
4164070982,AkashGKrishnan
2904289412,AkashGKrishnan
3675663788,AkashGKrishnan
5106530511,AkashGKrishnan
5449697689,AkashGKrishnan
1627239067,AkashGKrishnan
3730323919,AkashGKrishnan
2102969739,AkashGKrishnan
2763960011,AkashGKrishnan
2368659013,AkashGKrishnan
3499130566,AkashGKrishnan
5449273245,AkashGKrishnan
5003830316,AkashGKrishnan
4352740509,AkashGKrishnan
2627244820,AkashGKrishnan
5351059005,AkashGKrishnan
4367509945,AkashGKrishnan
1234315548,AkashGKrishnan
2978651380,AkashGKrishnan
3547132126,AkashGKrishnan
1533789182,AkashGKrishnan
5379065190,AkashGKrishnan
2052190832,AkashGKrishnan
4557862213,AkashGKrishnan
3564345487,AkashGKrishnan
5137758901,AkashGKrishnan
5520725889,AkashGKrishnan
4147824176,AkashGKrishnan
2207036988,AkashGKrishnan
3723561534,AkashGKrishnan
4976453681,AkashGKrishnan
3176099400,AkashGKrishnan
4069977519,AkashGKrishnan
4583743302,AkashGKrishnan
2542499017,AkashGKrishnan
4090276361,AkashGKrishnan
2371279855,AkashGKrishnan
3514911052,AkashGKrishnan
1411210973,AkashGKrishnan
1556487651,AkashGKrishnan
2051862763,AkashGKrishnan
2662067200,AkashGKrishnan
3758787734,AkashGKrishnan
4498873561,AkashGKrishnan
1492351247,AkashGKrishnan
2123141040,AkashGKrishnan
2274207189,AkashGKrishnan
2646191919,AkashGKrishnan
3204912112,AkashGKrishnan
2007094572,AkashGKrishnan
3125608115,AkashGKrishnan
2443134686,AkashGKrishnan
2261584113,AkashGKrishnan
2077173086,AkashGKrishnan
3320641502,AkashGKrishnan
2453863606,AkashGKrishnan
1797739195,AkashGKrishnan
2709652059,AkashGKrishnan
1488977314,AkashGKrishnan
1461475544,AkashGKrishnan
3415360688,AkashGKrishnan
3299510876,AkashGKrishnan
1120730013,AkashGKrishnan
2548830430,AkashGKrishnan
4669667169,AkashGKrishnan
2221489155,AkashGKrishnan
2606459453,AkashGKrishnan
1802170933,AkashGKrishnan
4382777745,AkashGKrishnan
5378636855,AkashGKrishnan
1823828019,AkashGKrishnan
1282431798,AkashGKrishnan
4305401238,AkashGKrishnan
5531205157,AkashGKrishnan
2242641755,AkashGKrishnan
4029952510,AkashGKrishnan
3476008172,AkashGKrishnan
3672392129,AkashGKrishnan
4352996302,AkashGKrishnan
1242720916,AkashGKrishnan
5361159860,AkashGKrishnan
1292300688,AkashGKrishnan
4209933984,AkashGKrishnan
2650592855,AkashGKrishnan
3412000888,AkashGKrishnan
4227890144,AkashGKrishnan
1898903651,AkashGKrishnan
3307779775,AkashGKrishnan
5471707825,AkashGKrishnan
2829755542,AkashGKrishnan
4350090160,AkashGKrishnan
1524607649,AkashGKrishnan
1409687928,AkashGKrishnan
1712689177,AkashGKrishnan
1949826380,AkashGKrishnan
1566851835,AkashGKrishnan
1515074683,AkashGKrishnan
3891334134,AkashGKrishnan
3794348294,AkashGKrishnan
3336631279,AkashGKrishnan
4339271118,AkashGKrishnan
5129689196,AkashGKrishnan
2577352090,AkashGKrishnan
2920957901,AkashGKrishnan
2556779992,AkashGKrishnan
3599139992,AkashGKrishnan
5446742175,AkashGKrishnan
1590624592,AkashGKrishnan
3328549068,AkashGKrishnan
2649921217,AkashGKrishnan
2483048812,AkashGKrishnan
4698984255,AkashGKrishnan
4514760129,AkashGKrishnan
4994525488,AkashGKrishnan
4350514132,AkashGKrishnan
5082044137,AkashGKrishnan
5339826322,AkashGKrishnan
4706609895,AkashGKrishnan
5352741107,AkashGKrishnan
5211258037,AkashGKrishnan
1873034358,AkashGKrishnan
3928963960,AkashGKrishnan
2875220881,AkashGKrishnan
2917796275,AkashGKrishnan
4449801293,AkashGKrishnan
4034437200,AkashGKrishnan
4311043038,AkashGKrishnan
3607688450,AkashGKrishnan
3389841740,AkashGKrishnan
3533260253,AkashGKrishnan
4118233045,AkashGKrishnan
4477293877,AkashGKrishnan
4715602206,AkashGKrishnan
3790340788,AkashGKrishnan
4159510876,AkashGKrishnan
1649324991,AkashGKrishnan
1613403431,AkashGKrishnan
3118858908,AkashGKrishnan
1364021839,AkashGKrishnan
2902297312,AkashGKrishnan
2368886975,AkashGKrishnan
4651194738,AkashGKrishnan
2994909921,AkashGKrishnan
1470236493,AkashGKrishnan
2121909201,AkashGKrishnan
5182073568,AkashGKrishnan
3826047657,AkashGKrishnan
2115318106,AkashGKrishnan
5488797458,AkashGKrishnan
3916778920,AkashGKrishnan
4034437990,AkashGKrishnan
2917467605,AkashGKrishnan
3536403458,AkashGKrishnan
4280570586,AkashGKrishnan
3021116610,AkashGKrishnan
1458689933,AkashGKrishnan
2882811307,AkashGKrishnan
1794160613,AkashGKrishnan
2969104836,AkashGKrishnan
2542933420,AkashGKrishnan
1486871209,AkashGKrishnan
4962333906,AkashGKrishnan
1560407544,AkashGKrishnan
4055380019,AkashGKrishnan
3407829897,AkashGKrishnan
5152605457,AkashGKrishnan
4002103168,AkashGKrishnan
2423541014,AkashGKrishnan
2263757284,AkashGKrishnan
4534820364,AkashGKrishnan
1647265004,AkashGKrishnan
5167448728,AkashGKrishnan
2916326568,AkashGKrishnan
4106971401,AkashGKrishnan
1945819368,AkashGKrishnan
2530385155,AkashGKrishnan
3569233822,AkashGKrishnan
1656560307,AkashGKrishnan
3501630151,AkashGKrishnan
4999935189,AkashGKrishnan
2153220590,AkashGKrishnan
5378159341,AkashGKrishnan
1867284549,AkashGKrishnan
4337060264,AkashGKrishnan
4986221196,AkashGKrishnan
4712246988,AkashGKrishnan
2200651512,AkashGKrishnan
4145233151,AkashGKrishnan
1167833693,AkashGKrishnan
2103152365,AkashGKrishnan
2809363179,AkashGKrishnan
3524188012,AkashGKrishnan
5155689140,AkashGKrishnan
1560415125,AkashGKrishnan
1454369374,AkashGKrishnan
